SUBURB,month,predicted_incidents,actual_incidents,absolute_error
ALBERTON,2025-12,1.22,1,0.22
ALEXANDRA,2025-09,1.0,2,1.0
ALEXANDRA,2025-10,1.0,1,0.0
ALEXANDRA,2026-02,1.0,1,0.0
AMANZIMTOTI,2025-03,0.9,1,0.1
AMANZIMTOTI,2025-06,0.87,1,0.13
AMANZIMTOTI,2025-08,0.83,1,0.17
ARCADIA,2025-04,1.38,1,0.38
ARCADIA,2025-09,1.37,1,0.37
BALLITO,2025-07,0.79,1,0.21
BALLITO,2025-09,0.72,2,1.28
BALLITO,2025-11,0.65,1,0.35
BALLITO,2025-12,0.59,2,1.41
BALLITO,2026-01,0.52,1,0.48
BANTRY BAY,2026-01,0.77,1,0.23
BEACON BAY NORTH,2024-09,1.75,2,0.25
BEACON BAY NORTH,2024-11,1.77,1,0.77
BEACON BAY NORTH,2024-12,1.79,3,1.21
BEDFORDVIEW,2025-12,1.4,1,0.4
BEDFORDVIEW,2026-02,1.38,1,0.38
BEDFORDVIEW,2026-03,1.35,1,0.35
BEDFORDVIEW,2026-04,1.33,1,0.33
BEDFORDVIEW,2026-06,1.31,1,0.31
BELLVILLE,2025-08,1.43,1,0.43
BELLVILLE,2025-10,1.46,1,0.46
BELLVILLE,2025-12,1.48,2,0.52
BELLVILLE,2026-02,1.5,1,0.5
BENDOR,2026-05,1.17,1,0.17
BENDOR PARK,2025-04,1.4,1,0.4
BENDOR PARK,2025-09,1.4,1,0.4
BENONI,2026-03,1.06,1,0.06
BENONI,2026-06,1.05,1,0.05
BLAIRGOWRIE,2025-12,1.39,1,0.39
BLAIRGOWRIE,2026-02,1.39,1,0.39
BLAIRGOWRIE,2026-04,1.39,1,0.39
BLOEMFONTEIN,2026-04,1.47,1,0.47
BLOEMFONTEIN,2026-05,1.47,1,0.47
BLOUBERGSTRAND,2024-06,1.89,1,0.89
BLOUBERGSTRAND,2024-07,2.02,1,1.02
BLOUBERGSTRAND,2024-12,2.16,1,1.16
BOKSBURG,2025-12,1.18,1,0.18
BOKSBURG,2026-06,1.17,1,0.17
BONAERO PARK,2025-12,1.12,1,0.12
BOTHASIG,2026-05,1.45,1,0.45
BRACKENFELL CENTRAL,2024-03,1.0,1,0.0
BRACKENFELL CENTRAL,2024-05,1.0,1,0.0
BRACKENFELL CENTRAL,2024-07,1.0,1,0.0
BRACKENHURST,2024-12,1.65,1,0.65
BRACKENHURST,2025-03,1.66,1,0.66
BRACKENHURST,2025-06,1.68,1,0.68
BRAKPAN,2025-12,1.21,2,0.79
BRAKPAN,2026-04,1.19,1,0.19
BRITS,2025-12,1.26,1,0.26
BRITS,2026-02,1.26,1,0.26
BRITS,2026-05,1.26,1,0.26
BROMHOF,2026-04,1.2,1,0.2
BROOKLYN,2025-11,1.19,1,0.19
BROOKLYN,2026-01,1.16,4,2.84
BROOKLYN,2026-04,1.14,1,0.14
BRYANSTON,2025-12,2.24,1,1.24
BRYANSTON,2026-02,2.24,1,1.24
BRYANSTON,2026-03,2.24,1,1.24
BRYANSTON,2026-04,2.24,2,0.24
BRYANSTON,2026-05,2.24,1,1.24
BRYANSTON,2026-06,2.24,2,0.24
BULWER,2024-07,0.92,1,0.08
BULWER,2025-01,0.85,1,0.15
CAMPS BAY,2025-12,1.18,1,0.18
CAMPS BAY,2026-01,1.16,1,0.16
CAMPS BAY,2026-03,1.15,3,1.85
CAPE TOWN CITY CENTRE,2025-12,2.11,1,1.11
CAPE TOWN CITY CENTRE,2026-02,2.11,2,0.11
CAPE TOWN CITY CENTRE,2026-03,2.11,2,0.11
CAPE TOWN CITY CENTRE,2026-05,2.11,1,1.11
CAPE TOWN CITY CENTRE,2026-06,2.11,1,1.11
CENTURION CENTRAL,2025-05,1.39,2,0.61
CENTURION CENTRAL,2025-11,1.37,1,0.37
CLAREMONT,2025-10,0.93,1,0.07
CLAREMONT,2025-12,0.89,1,0.11
CLAREMONT,2026-01,0.84,1,0.16
CLAREMONT,2026-03,0.79,1,0.21
CLAREMONT,2026-04,0.75,2,1.25
CONSTANTIA,2026-02,2.34,1,1.34
CONSTANTIA,2026-03,2.4,1,1.4
CONSTANTIA,2026-04,2.47,2,0.47
CONSTANTIA KLOOF,2025-09,1.42,1,0.42
CONSTANTIA KLOOF,2025-11,1.44,1,0.44
CONSTANTIA KLOOF,2026-03,1.46,1,0.46
CONSTANTIA PARK,2025-05,1.4,2,0.6
CONSTANTIA PARK,2025-06,1.44,1,0.44
CONSTANTIA PARK,2025-07,1.47,1,0.47
CRAIGHALL,2025-09,1.44,1,0.44
CRAIGHALL,2025-10,1.51,1,0.51
CRAIGHALL,2025-11,1.58,1,0.58
CRAIGHALL PARK,2025-12,1.24,1,0.24
CRAIGHALL PARK,2026-05,1.24,1,0.24
CRAIGHALL PARK,2026-06,1.25,1,0.25
CROYDON,2025-07,2.05,1,1.05
CROYDON,2025-08,2.13,2,0.13
CROYDON,2025-09,2.21,1,1.21
DAN PIENAAR,2026-01,1.09,1,0.09
DAVEYTON,2025-06,1.33,1,0.33
DAVEYTON,2025-12,1.38,1,0.38
DAWNCLIFFE,2025-12,1.0,1,0.0
DAWNCLIFFE,2026-02,0.97,1,0.03
DAWNCLIFFE,2026-03,0.93,1,0.07
DIE HOEWES,2025-08,1.33,1,0.33
DIE HOEWES,2025-09,1.34,1,0.34
DIE WILGERS,2025-07,1.3,1,0.3
DIE WILGERS,2025-11,1.28,1,0.28
DIE WILGERS,2025-12,1.26,1,0.26
DOORNPOORT,2025-11,1.44,1,0.44
DURBAN CENTRAL,2025-10,1.15,2,0.85
DURBAN CENTRAL,2026-01,1.12,1,0.12
DURBAN CENTRAL,2026-02,1.09,2,0.91
DURBAN CENTRAL,2026-04,1.05,1,0.05
DURBAN NORTH,2025-11,1.69,1,0.69
DURBAN NORTH,2026-02,1.68,2,0.32
DURBAN NORTH,2026-03,1.67,1,0.67
DURBANVILLE,2025-11,1.98,2,0.02
DURBANVILLE,2025-12,1.99,1,0.99
DURBANVILLE,2026-01,2.0,2,0.0
DURBANVILLE,2026-02,2.0,2,0.0
DURBANVILLE,2026-05,2.01,1,1.01
EAST LONDON,2025-08,1.4,1,0.4
EDENVALE,2025-03,1.95,1,0.95
EDENVALE,2025-04,1.96,1,0.96
EDENVALE,2025-08,1.97,1,0.97
EDGEMEAD,2026-01,1.51,2,0.49
ELARDUSPARK,2025-10,0.99,2,1.01
ELARDUSPARK,2026-02,0.98,1,0.02
ELARDUSPARK,2026-04,0.98,1,0.02
ELDORAIGNE,2026-05,1.04,1,0.04
ELSPARK,2025-08,1.2,1,0.2
EMALAHLENI,2025-09,1.58,1,0.58
EQUESTRIA,2025-07,1.33,1,0.33
EQUESTRIA,2025-11,1.34,1,0.34
ERASMUSKLOOF,2026-02,1.13,1,0.13
ESSENWOOD,2026-01,1.06,2,0.94
ESSENWOOD,2026-03,1.06,1,0.06
ESSENWOOD,2026-04,1.05,1,0.05
ESSENWOOD,2026-05,1.05,1,0.05
FAERIE GLEN,2026-03,1.32,1,0.32
FAERIE GLEN,2026-04,1.33,1,0.33
FAERIE GLEN,2026-05,1.33,2,0.67
FAIRLAND,2025-01,1.05,3,1.95
FAIRLAND,2025-04,1.01,2,0.99
FAIRLAND,2025-05,0.98,1,0.02
FARRARMERE,2026-02,0.98,1,0.02
FAUNA,2026-04,10.92,1,9.92
FERNDALE,2026-02,1.03,1,0.03
FERNDALE,2026-06,1.02,1,0.02
FISH HOEK,2025-08,1.33,1,0.33
FISH HOEK,2025-11,1.34,2,0.66
FISH HOEK,2025-12,1.35,1,0.35
FISH HOEK,2026-01,1.35,2,0.65
FLORA PARK,2025-12,1.62,1,0.62
FLORIDA,2026-01,1.11,2,0.89
FOURWAYS,2026-02,1.31,1,0.31
FOURWAYS,2026-03,1.28,1,0.28
FOURWAYS,2026-06,1.26,1,0.26
GARDENS,2025-12,1.51,1,0.51
GARSFONTEIN,2025-10,1.04,1,0.04
GARSFONTEIN,2025-11,1.01,1,0.01
GARSFONTEIN,2026-03,0.97,1,0.03
GARSFONTEIN,2026-04,0.93,1,0.07
GEORGE,2025-10,1.04,1,0.04
GEORGE,2026-03,1.03,1,0.03
GEORGE,2026-04,1.03,1,0.03
GLEN AUSTIN AH,2024-04,1.05,1,0.05
GLEN AUSTIN AH,2024-07,1.02,1,0.02
GLEN AUSTIN AH,2024-09,0.99,1,0.01
GLENMARAIS,2025-08,0.96,1,0.04
GLENMARAIS,2025-10,0.91,1,0.09
GLENVISTA,2026-03,1.5,1,0.5
GLENVISTA,2026-05,1.51,1,0.51
GLENWOOD,2025-06,1.29,1,0.29
GLENWOOD,2025-07,1.27,1,0.27
GLENWOOD,2025-10,1.24,1,0.24
GONUBIE,2025-07,1.45,1,0.45
GONUBIE,2025-10,1.47,1,0.47
GONUBIE,2025-11,1.49,1,0.49
GONUBIE,2026-01,1.52,1,0.52
GOODWOOD ESTATE,2025-09,1.62,1,0.62
GOODWOOD ESTATE,2025-12,1.65,1,0.65
GORDONS BAY,2024-10,1.61,1,0.61
GORDONS BAY,2025-03,1.65,1,0.65
GORDONS BAY,2025-04,1.69,1,0.69
GRASSY PARK,2026-05,0.64,1,0.36
GREEN POINT,2025-12,1.01,1,0.01
GREEN POINT,2026-02,0.98,1,0.02
GREEN POINT,2026-03,0.96,1,0.04
GREEN POINT,2026-04,0.93,1,0.07
GREEN POINT,2026-06,0.9,1,0.1
GREENHILLS,2024-12,1.03,1,0.03
GREENHILLS,2025-06,1.01,1,0.01
GREENSIDE,2026-02,1.7,1,0.7
GREENSIDE,2026-05,1.72,1,0.72
GREENSIDE,2026-06,1.75,1,0.75
GREENSTONE HILL,2025-11,1.0,1,0.0
GREENSTONE HILL,2026-03,1.0,1,0.0
GREENSTONE HILL,2026-04,1.0,1,0.0
GROOTFONTEIN COUNTRY ESTATES,2025-11,1.0,1,0.0
HALFWAY GARDENS,2026-05,0.98,1,0.02
HALFWAY GARDENS,2026-06,0.96,1,0.04
HARTEBEESPOORT,2025-12,0.76,2,1.24
HARTEBEESPOORT,2026-06,0.69,1,0.31
HATFIELD,2025-11,1.03,2,0.97
HATFIELD,2025-12,0.98,1,0.02
HATFIELD,2026-02,0.93,1,0.07
HAZELWOOD,2025-08,1.28,1,0.28
HAZELWOOD,2025-12,1.29,2,0.71
HAZELWOOD,2026-01,1.29,1,0.29
HAZELWOOD,2026-02,1.3,2,0.7
HEIDELBERG,2026-01,1.08,1,0.08
HEIDELBERG,2026-04,1.05,1,0.05
HELDERKRUIN,2025-07,1.39,1,0.39
HELDERKRUIN,2025-08,1.41,1,0.41
HELDERKRUIN,2025-10,1.43,1,0.43
HELDERKRUIN,2026-01,1.44,1,0.44
HENLEY ON KLIP,2026-04,1.23,1,0.23
HENNOPSPARK,2026-03,0.87,1,0.13
HENNOPSPARK,2026-04,0.82,1,0.18
HENNOPSPARK,2026-05,0.78,1,0.22
HERMANUS,2024-12,0.88,1,0.12
HERMANUS,2025-01,0.86,1,0.14
HERMANUS,2025-03,0.83,1,0.17
HIGHVELD,2025-08,0.87,1,0.13
HIGHVELD,2025-10,0.84,2,1.16
HILLCREST,2025-10,1.17,1,0.17
HILLCREST,2025-11,1.13,1,0.13
HILLCREST,2026-02,1.09,1,0.09
HONEYDEW,2025-04,1.36,2,0.64
HONEYDEW,2025-07,1.41,1,0.41
HOUGHTON ESTATE,2025-11,0.78,1,0.22
HOUGHTON ESTATE,2026-01,0.71,1,0.29
HOUGHTON ESTATE,2026-05,0.64,1,0.36
HOUT BAY,2025-10,0.88,1,0.12
HOUT BAY,2026-01,0.84,1,0.16
HOUT BAY,2026-02,0.81,1,0.19
HURLINGHAM,2025-08,1.11,1,0.11
ILLOVO,2025-12,1.1,1,0.1
ILLOVO,2026-01,1.1,1,0.1
ILLOVO,2026-04,1.1,1,0.1
JOHANNESBURG,2025-10,2.3,2,0.3
JOHANNESBURG,2025-12,2.3,2,0.3
JOHANNESBURG,2026-01,2.3,4,1.7
JOHANNESBURG,2026-02,2.3,4,1.7
JOHANNESBURG,2026-03,2.3,1,1.3
JOHANNESBURG,2026-04,2.3,3,0.7
KELVIN,2025-08,0.94,1,0.06
KEMPTON PARK,2026-03,0.93,2,1.07
KEMPTON PARK,2026-06,0.85,1,0.15
KENILWORTH,2025-06,1.62,1,0.62
KENILWORTH,2025-12,1.64,1,0.64
KENSINGTON,2025-10,1.08,1,0.08
KENSINGTON,2026-01,1.06,1,0.06
KENSINGTON,2026-03,1.04,2,0.96
KENSINGTON,2026-04,1.02,1,0.02
KEW,2025-11,1.0,1,0.0
KEW,2026-02,1.0,1,0.0
KIMBERLEY,2025-04,1.0,1,0.0
KIMBERLEY,2025-07,1.0,1,0.0
KLOOF,2025-09,1.07,1,0.07
KLOOF,2025-12,1.01,1,0.01
KLOOF,2026-02,0.96,1,0.04
KNYSNA,2026-05,1.38,1,0.38
KRAAIFONTEIN,2026-02,1.11,2,0.89
KRUGERSDORP,2025-09,1.37,1,0.37
KRUGERSDORP,2025-10,1.36,1,0.36
KRUGERSDORP,2026-01,1.35,1,0.35
KRUGERSDORP NORTH,2025-06,1.0,1,0.0
KRUGERSDORP NORTH,2025-11,1.0,1,0.0
KUILS RIVER,2026-02,1.19,1,0.19
KUILS RIVER,2026-03,1.18,5,3.82
KUILS RIVER,2026-06,1.16,1,0.16
KYALAMI AH,2026-02,0.77,1,0.23
KYALAMI AH,2026-03,0.71,1,0.29
LANGEBAAN,2025-08,1.31,1,0.31
LANGEBAAN,2025-09,1.31,1,0.31
LENASIA,2026-04,1.13,1,0.13
LINDEN,2025-12,1.18,1,0.18
LINDEN,2026-03,1.18,1,0.18
LINDEN,2026-04,1.18,2,0.82
LINDEN,2026-05,1.17,1,0.17
LITTLE FALLS,2026-03,1.49,1,0.49
LONE HILL,2026-02,0.98,1,0.02
LONE HILL,2026-06,0.94,1,0.06
LORRAINE,2026-04,1.18,2,0.82
LYNNWOOD,2026-02,1.25,1,0.25
LYNNWOOD,2026-05,1.23,1,0.23
LYNNWOOD RIDGE,2026-01,1.2,1,0.2
LYNNWOOD RIDGE,2026-03,1.22,1,0.22
LYTTELTON MANOR,2026-06,1.45,1,0.45
MALVERN,2025-09,0.91,1,0.09
MALVERN,2026-03,0.86,1,0.14
MARLBORO,2026-01,0.92,1,0.08
MARLBORO,2026-06,0.9,2,1.1
MBOMBELA,2026-01,1.52,1,0.52
MELVILLE,2025-12,1.32,1,0.32
MELVILLE,2026-06,1.32,1,0.32
MENLO PARK,2025-11,1.66,1,0.66
MENLO PARK,2026-04,1.67,1,0.67
MENLO PARK,2026-05,1.69,1,0.69
MENLYN,2025-11,1.37,1,0.37
MENLYN,2025-12,1.39,2,0.61
MENLYN,2026-02,1.41,2,0.59
MENLYN,2026-03,1.42,1,0.42
MENLYN,2026-04,1.44,1,0.44
MEYERSPARK,2025-08,1.09,1,0.09
MEYERTON,2025-11,1.45,1,0.45
MEYERTON,2026-03,1.49,2,0.51
MEYERTON,2026-04,1.52,1,0.52
MIDDELBURG,2025-07,0.81,1,0.19
MIDDELBURG,2025-09,0.74,1,0.26
MIDDELBURG,2025-10,0.66,1,0.34
MIDSTREAM ESTATE,2026-04,1.0,1,0.0
MILNERTON,2025-11,1.4,1,0.4
MILNERTON,2025-12,1.4,1,0.4
MILNERTON,2026-05,1.41,2,0.59
MOKOPANE,2025-12,1.11,1,0.11
MONDEOR,2024-12,1.04,2,0.96
MONDEOR,2025-01,1.01,2,0.99
MONDEOR,2025-04,0.99,1,0.01
MONTANA,2026-02,1.3,1,0.3
MONTANA,2026-05,1.3,2,0.7
MONUMENT PARK,2025-07,1.42,2,0.58
MONUMENT PARK,2025-08,1.46,1,0.46
MONUMENT PARK,2025-09,1.5,1,0.5
MONUMENT PARK,2025-11,1.54,1,0.54
MORELETAPARK,2025-10,2.1,1,1.1
MORELETAPARK,2026-01,2.14,1,1.14
MORELETAPARK,2026-03,2.17,1,1.17
MORNINGSIDE,2025-12,1.32,1,0.32
MORNINGSIDE,2026-01,1.29,1,0.29
MORNINGSIDE,2026-04,1.26,1,0.26
MORNINGSIDE,2026-06,1.23,1,0.23
MOSSEL BAY,2026-05,1.13,1,0.13
MOWBRAY,2025-08,1.55,2,0.45
MOWBRAY,2025-10,1.57,1,0.57
MOWBRAY,2026-01,1.6,2,0.4
MUIZENBERG,2025-12,1.16,1,0.16
MUIZENBERG,2026-04,1.15,1,0.15
MUIZENBERG,2026-05,1.13,3,1.87
MULBARTON,2025-12,1.04,2,0.96
MUSGRAVE,2025-07,1.21,1,0.21
NEWLANDS,2026-03,2.4,1,1.4
NEWLANDS,2026-04,2.42,1,1.42
NEWLANDS,2026-05,2.44,1,1.44
NIEUW MUCKLENEUK,2024-05,0.88,1,0.12
NIEUW MUCKLENEUK,2024-07,0.85,1,0.15
NOORDHEUWEL,2025-11,1.53,1,0.53
NOORDHEUWEL,2025-12,1.52,1,0.52
NOORDHEUWEL,2026-02,1.51,2,0.49
NOORDHEUWEL,2026-03,1.5,1,0.5
NOORDHEUWEL,2026-04,1.49,1,0.49
NOORDHEUWEL,2026-05,1.48,1,0.48
NOORDWYK,2025-07,1.28,2,0.72
NOORDWYK,2025-09,1.28,1,0.28
NOORDWYK,2026-01,1.28,1,0.28
NORTH RIDING,2025-09,1.06,1,0.06
NORTH RIDING,2025-10,1.02,1,0.02
NORTH RIDING,2026-01,0.98,1,0.02
NORTHMEAD,2026-06,1.2,1,0.2
NORTHOME CONTENTSLIFF,2025-05,1.57,1,0.57
NORTHOME CONTENTSLIFF,2025-07,1.59,2,0.41
NORTHOME CONTENTSLIFF,2025-08,1.61,2,0.39
NORTHOME CONTENTSLIFF,2025-09,1.62,1,0.62
NORTHOME CONTENTSLIFF,2025-10,1.64,2,0.36
NORTHWOLD,2025-11,1.0,1,0.0
NORTHWOLD,2026-01,1.0,1,0.0
NORWOOD,2025-09,1.14,1,0.14
NORWOOD,2025-11,1.12,2,0.88
NORWOOD,2025-12,1.11,1,0.11
NORWOOD,2026-01,1.09,1,0.09
OBSERVATORY,2025-12,1.63,3,1.37
OBSERVATORY,2026-01,1.61,1,0.61
OBSERVATORY,2026-02,1.59,2,0.41
OBSERVATORY,2026-03,1.57,2,0.43
OBSERVATORY,2026-04,1.55,2,0.45
OBSERVATORY,2026-05,1.53,1,0.53
OLYMPUS AH,2025-11,0.9,1,0.1
ORANGE GROVE,2025-03,0.86,1,0.14
ORANGE GROVE,2025-04,0.8,1,0.2
ORANGE GROVE,2025-05,0.74,1,0.26
ORANGE GROVE,2025-09,0.68,1,0.32
ORANJEZICHT,2025-09,1.51,1,0.51
ORANJEZICHT,2025-10,1.5,1,0.5
ORANJEZICHT,2026-01,1.49,1,0.49
ORANJEZICHT,2026-02,1.47,1,0.47
PAARL,2025-11,1.61,1,0.61
PAARL,2026-02,1.61,2,0.39
PAARL,2026-03,1.61,1,0.61
PAARL,2026-04,1.61,1,0.61
PAARL,2026-05,1.62,4,2.38
PANORAMA,2026-04,1.26,2,0.74
PARKHURST,2025-11,2.14,1,1.14
PARKHURST,2025-12,2.22,1,1.22
PARKHURST,2026-01,2.3,1,1.3
PARKHURST,2026-02,2.38,1,1.38
PARKHURST,2026-04,2.46,1,1.46
PARKHURST,2026-05,2.54,1,1.54
PARKLANDS,2026-01,1.38,1,0.38
PARKLANDS,2026-02,1.37,4,2.63
PARKLANDS,2026-03,1.35,1,0.35
PARKLANDS,2026-04,1.34,2,0.66
PARKLANDS,2026-06,1.32,1,0.32
PARKMORE,2026-05,1.18,1,0.18
PARKTOWN,2026-02,0.92,1,0.08
PARKTOWN,2026-05,0.9,1,0.1
PARKTOWN NORTH,2025-07,0.86,1,0.14
PARKTOWN NORTH,2025-12,0.83,1,0.17
PARKVIEW,2025-09,0.64,1,0.36
PARKVIEW,2026-03,0.56,1,0.44
PAROW,2025-05,0.87,1,0.13
PAROW,2025-09,0.82,1,0.18
PAROW,2025-11,0.78,1,0.22
PAULSHOF,2025-11,1.18,1,0.18
PAULSHOF,2026-05,1.15,1,0.15
PHILIPPI,2026-05,1.24,1,0.24
PIETERMARITZBURG,2025-06,0.85,1,0.15
PIETERMARITZBURG,2025-12,0.8,1,0.2
PINELANDS,2025-10,1.84,1,0.84
PINELANDS,2025-12,1.85,2,0.15
PINELANDS,2026-02,1.85,1,0.85
PINELANDS,2026-03,1.86,1,0.86
PLETTENBERG BAY,2025-11,1.59,1,0.59
PLETTENBERG BAY,2025-12,1.62,1,0.62
PLETTENBERG BAY,2026-01,1.64,1,0.64
PLETTENBERG BAY,2026-05,1.67,1,0.67
PLUMSTEAD,2025-08,1.67,1,0.67
PLUMSTEAD,2025-09,1.7,1,0.7
PLUMSTEAD,2025-12,1.73,2,0.27
PLUMSTEAD,2026-01,1.76,1,0.76
POLOKWANE CENTRAL,2025-12,1.35,1,0.35
POLOKWANE CENTRAL,2026-03,1.34,1,0.34
POLOKWANE CENTRAL,2026-04,1.33,1,0.33
POLOKWANE SCHOOLS,2025-05,1.2,1,0.2
POLOKWANE SCHOOLS,2025-06,1.22,1,0.22
POLOKWANE SCHOOLS,2025-08,1.24,1,0.24
POMONA,2025-02,1.0,1,0.0
POMONA,2025-04,1.0,1,0.0
POMONA,2025-05,1.0,1,0.0
PORT ELIZABETH CENTRAL,2025-10,1.21,1,0.21
PORT ELIZABETH CENTRAL,2025-12,1.22,1,0.22
POTCHEFSTROOM,2026-03,1.37,1,0.37
PRETORIA,2025-11,2.0,1,1.0
PRETORIA,2026-01,2.18,1,1.18
PRETORIA,2026-02,2.36,3,0.64
PRETORIA,2026-03,2.54,2,0.54
PRETORIA,2026-04,2.71,3,0.29
PRETORIA,2026-05,2.89,2,0.89
PRETORIA CENTRAL,2026-02,0.87,1,0.13
PRETORIA CENTRAL,2026-06,0.81,1,0.19
PRETORIA NORTH,2026-02,1.53,1,0.53
PRETORIA NORTH,2026-05,1.54,3,1.46
PRETORIA NORTH,2026-06,1.55,1,0.55
PRETORIA WEST,2025-10,0.82,1,0.18
PRETORIA WEST,2026-02,0.76,1,0.24
PRIMROSE,2026-03,1.15,1,0.15
PROTEA PARK,2025-12,1.0,1,0.0
PROTEA PARK,2026-03,0.96,1,0.04
PROTEA PARK,2026-06,0.93,1,0.07
QUEENSWOOD,2025-05,1.53,1,0.53
QUEENSWOOD,2025-11,1.52,1,0.52
RADIOKOP,2025-12,1.13,1,0.13
RADIOKOP,2026-06,1.12,1,0.12
RANDPARK,2025-12,1.35,1,0.35
RANDPARKRIF,2025-11,2.01,1,1.01
RANDPARKRIF,2026-05,2.03,1,1.03
RESERVOIR HILLS,2025-09,0.69,1,0.31
RESERVOIR HILLS,2025-11,0.6,2,1.4
RESERVOIR HILLS,2025-12,0.52,1,0.48
RESERVOIR HILLS,2026-02,0.43,2,1.57
RONDEBOSCH,2025-12,1.4,1,0.4
RONDEBOSCH,2026-01,1.36,1,0.36
RONDEBOSCH,2026-02,1.32,1,0.32
RONDEBOSCH,2026-05,1.28,4,2.72
ROODEKRANS,2024-10,1.6,1,0.6
ROODEKRANS,2024-12,1.65,3,1.35
ROODEKRANS,2025-01,1.71,1,0.71
ROODEPLAAT,2024-10,1.0,1,0.0
ROODEPLAAT,2025-04,1.0,1,0.0
ROODEPOORT,2026-05,1.63,1,0.63
ROODEPOORT,2026-06,1.64,1,0.64
ROOIHUISKRAAL,2025-12,1.83,1,0.83
ROOIHUISKRAAL,2026-02,1.85,1,0.85
ROOIHUISKRAAL,2026-05,1.88,1,0.88
ROSEBANK,2025-07,1.44,1,0.44
ROSEBANK,2025-08,1.45,1,0.45
ROSEBANK,2025-09,1.46,1,0.46
ROSEBANK,2025-10,1.47,1,0.47
ROSEBANK,2025-12,1.47,2,0.53
RUSTENBURG,2025-08,2.07,2,0.07
RUSTENBURG,2025-11,2.06,3,0.94
RUSTENBURG,2025-12,2.04,2,0.04
RUSTENBURG,2026-02,2.03,1,1.03
RYNFIELD,2025-12,1.56,1,0.56
RYNFIELD,2026-01,1.57,1,0.57
RYNFIELD,2026-05,1.57,1,0.57
SANDOWN,2026-01,2.21,2,0.21
SASOLBURG,2025-11,0.89,2,1.11
SASOLBURG,2026-03,0.85,1,0.15
SCHOEMANSVILLE,2026-01,1.4,1,0.4
SCHOEMANSVILLE,2026-05,1.4,1,0.4
SCHOEMANSVILLE,2026-06,1.4,1,0.4
SEA POINT,2026-01,1.54,3,1.46
SEA POINT,2026-02,1.53,1,0.53
SEA POINT,2026-03,1.51,1,0.51
SEA POINT,2026-05,1.5,1,0.5
SECUNDA,2026-01,1.1,1,0.1
SECUNDA,2026-02,1.1,1,0.1
SECUNDA,2026-03,1.09,1,0.09
SECUNDA,2026-05,1.08,2,0.92
SHERWOOD,2026-03,1.2,1,0.2
SILVERTON,2025-08,0.96,1,0.04
SILVERTON,2025-10,0.94,1,0.06
SINOVILLE,2025-04,1.16,1,0.16
SINOVILLE,2025-10,1.17,1,0.17
SOMERSET WEST,2025-11,2.58,2,0.58
SOMERSET WEST,2025-12,2.6,2,0.6
SOMERSET WEST,2026-01,2.62,4,1.38
SOMERSET WEST,2026-02,2.64,2,0.64
SOMERSET WEST,2026-04,2.66,1,1.66
SOMERSET WEST,2026-05,2.68,5,2.32
ST FRANCIS BAY,2026-01,1.27,1,0.27
STAMFORD HILL,2025-12,1.5,1,0.5
STAMFORD HILL,2026-01,1.54,1,0.54
STAMFORD HILL,2026-05,1.58,2,0.42
STELLENBOSCH,2026-03,1.97,1,0.97
STELLENBOSCH,2026-04,1.97,1,0.97
STELLENBOSCH,2026-05,1.98,2,0.02
STELLENBOSCH,2026-06,1.98,1,0.98
STELLENBOSCH CENTRAL,2025-12,1.63,2,0.37
STELLENBOSCH CENTRAL,2026-02,1.66,2,0.34
STELLENBOSCH CENTRAL,2026-06,1.68,1,0.68
STELLENBOSCH NU,2026-05,1.34,1,0.34
STRAND,2025-09,2.07,2,0.07
STRAND,2025-10,2.08,1,1.08
STRAND,2025-11,2.09,2,0.09
STRAND,2025-12,2.1,1,1.1
STRAND,2026-01,2.12,1,1.12
STRAND,2026-02,2.13,1,1.13
STRAND,2026-03,2.14,1,1.14
STRUBENS VALLEY,2025-08,1.08,2,0.92
STRUBENS VALLEY,2025-12,1.07,2,0.93
SUMMERSTRAND,2025-11,0.88,2,1.12
SUMMERSTRAND,2025-12,0.82,1,0.18
SUMMERSTRAND,2026-05,0.76,1,0.24
SUNDOWNER,2025-12,0.83,1,0.17
SUNDOWNER,2026-04,0.8,1,0.2
SUNDOWNER,2026-06,0.77,1,0.23
SUNNINGDALE,2025-02,1.62,1,0.62
SUNNINGDALE,2025-04,1.6,3,1.4
SUNNINGDALE,2025-08,1.58,1,0.58
SUNNINGHILL,2026-06,1.18,1,0.18
SUNNYSIDE,2025-09,1.45,1,0.45
SUNWARD PARK,2025-11,0.96,1,0.04
SUNWARD PARK,2026-01,0.94,1,0.06
SUNWARD PARK,2026-03,0.93,1,0.07
SYDENHAM,2025-09,0.96,2,1.04
TABLE VIEW,2025-11,1.74,2,0.26
TABLE VIEW,2026-01,1.76,1,0.76
TABLE VIEW,2026-02,1.77,1,0.77
TABLE VIEW,2026-05,1.79,1,0.79
TAMBOERSKLOOF,2026-05,1.15,1,0.15
TAMBOERSKLOOF,2026-06,1.11,1,0.11
THE REEDS,2026-04,0.99,1,0.01
THREE RIVERS,2026-06,0.73,1,0.27
TOKAI,2026-01,1.12,1,0.12
TZANEEN,2025-04,1.62,2,0.38
TZANEEN,2025-06,1.63,1,0.63
TZANEEN,2025-07,1.64,1,0.64
TZANEEN,2025-08,1.66,1,0.66
TZANEEN,2025-10,1.67,1,0.67
UMHLANGA,2025-04,0.82,1,0.18
UMHLANGA,2025-06,0.76,1,0.24
UMHLANGA,2025-09,0.7,1,0.3
UMHLANGA,2025-10,0.64,1,0.36
UMHLANGA ROCKS,2025-11,1.33,1,0.33
UMHLANGA ROCKS,2026-02,1.36,1,0.36
UMHLANGA ROCKS,2026-03,1.38,1,0.38
UMKOMAAS,2026-02,1.0,1,0.0
UMKOMAAS,2026-03,1.0,1,0.0
UMKOMAAS,2026-05,1.0,1,0.0
VERULAM,2026-01,1.6,1,0.6
VERULAM,2026-06,1.63,1,0.63
VINCENT,2025-09,1.46,1,0.46
VINCENT,2025-10,1.51,1,0.51
VINCENT,2026-03,1.55,1,0.55
VORNA VALLEY,2026-03,1.09,1,0.09
VORNA VALLEY,2026-05,1.03,1,0.03
VOSLOORUS,2026-01,1.18,1,0.18
VOSLOORUS,2026-05,1.18,1,0.18
VREDEHOEK,2025-06,1.63,1,0.63
VREDEHOEK,2025-10,1.64,1,0.64
VREDEHOEK,2025-11,1.65,1,0.65
VREDEHOEK,2025-12,1.66,1,0.66
WALMER,2025-12,0.98,1,0.02
WALMER,2026-02,0.93,1,0.07
WALMER,2026-04,0.88,1,0.12
WALMER,2026-06,0.84,1,0.16
WATERKLOOF,2025-12,1.38,1,0.38
WATERKLOOF,2026-05,1.4,1,0.4
WATERKLOOF,2026-06,1.41,1,0.41
WATERKLOOF GLEN,2025-12,0.65,1,0.35
WATERKLOOF GLEN,2026-06,0.57,1,0.43
WATERKLOOF RIDGE,2025-11,2.82,3,0.18
WATERKLOOF RIDGE,2026-01,2.89,1,1.89
WATERKLOOF RIDGE,2026-03,2.95,2,0.95
WATERKLOOF RIDGE,2026-04,3.02,1,2.02
WAVERLEY,2025-12,1.17,1,0.17
WAVERLEY,2026-02,1.17,1,0.17
WELLINGTON,2026-03,1.65,1,0.65
WELTEVREDENPARK,2025-11,1.67,3,1.33
WELTEVREDENPARK,2026-01,1.68,1,0.68
WELTEVREDENPARK,2026-04,1.7,1,0.7
WENDYWOOD,2025-04,1.45,1,0.45
WENDYWOOD,2025-10,1.46,1,0.46
WEST ACRES,2026-05,1.35,1,0.35
WESTCLIFF,2025-12,1.24,1,0.24
WESTCLIFF,2026-05,1.27,1,0.27
WESTCLIFF,2026-06,1.29,1,0.29
WESTDENE,2025-09,1.66,1,0.66
WESTDENE,2025-11,1.69,2,0.31
WESTDENE,2026-01,1.72,1,0.72
WESTDENE,2026-03,1.75,1,0.75
WESTVILLE,2025-12,1.41,1,0.41
WESTVILLE,2026-01,1.43,1,0.43
WESTVILLE,2026-02,1.45,1,0.45
WIERDAPARK,2025-08,1.58,1,0.58
WIERDAPARK,2025-10,1.58,1,0.58
WIERDAPARK,2025-12,1.58,1,0.58
WILGEHEUWEL,2025-06,1.77,1,0.77
WILGEHEUWEL,2025-08,1.84,2,0.16
WILRO PARK,2024-12,1.53,1,0.53
WILRO PARK,2025-03,1.56,1,0.56
WINDERMERE,2025-09,0.89,1,0.11
WINDERMERE,2026-03,0.78,1,0.22
WINGATE PARK,2026-02,0.93,3,2.07
WINGATE PARK,2026-06,0.9,1,0.1
WITBANK EXT,2025-12,1.0,1,0.0
WITBANK EXT,2026-05,1.0,1,0.0
WOODHURST,2025-05,0.86,2,1.14
WOODHURST,2025-07,0.81,1,0.19
WOODHURST,2025-10,0.76,1,0.24
WOODMEAD,2026-04,1.36,1,0.36
WOODSTOCK,2026-01,1.51,1,0.51
WOODSTOCK,2026-06,1.5,1,0.5
WYNBERG,2025-08,1.12,1,0.12
WYNBERG,2025-09,1.1,3,1.9
WYNBERG,2025-10,1.08,1,0.08
WYNBERG,2025-11,1.06,2,0.94
WYNBERG,2026-02,1.03,1,0.03
