SUBURB,incident_count,top_claim_type,top_claim_type_count,claim_type_breakdown,peak_month,peak_day_of_week,peak_hour,total_claim_cost,avg_claim_cost,anomalous_claims_excluded_from_cost,freq_normalized,cost_normalized,severity_score
BRYANSTON,89,Theft,80,Theft:80; Armed Robbery:8; Hijack:1,May,Friday,12,9454546.94,109936.59,3,0.8,0.905578910938864,0.8528
SOMERSET WEST,107,Theft,105,Theft:105; Malicious Damage:1; Burglary:1,April,Sunday,2,6032135.3,56375.1,0,0.9714285714285714,0.5764917041853236,0.774
JOHANNESBURG,110,Theft,103,Theft:103; Armed Robbery:3; Hijack:2; Windscreen/ Motor glass damage:2,January,Saturday,12,5598123.93,51358.94,1,1.0,0.534758679500842,0.7674
GARSFONTEIN,57,Theft,54,Theft:54; Hijack:1; Armed Robbery:1; Stolen and recovered:1,July,Saturday,13,10436498.92,183096.47,0,0.49523809523809526,1.0,0.7476
RONDEBOSCH,102,Theft,97,Theft:97; Armed Robbery:3; Burglary:1; Hijack:1,February,Saturday,0,5118796.23,51187.96,2,0.9238095238095239,0.48866819404638073,0.7062
RUSTENBURG,99,Theft,97,Theft:97; Hijack:2,November,Thursday,13,5356826.84,54109.36,0,0.8952380952380953,0.511556390092471,0.7034
MORNINGSIDE,73,Theft,72,Theft:72; Stolen and recovered:1,April,Friday,10,7645541.63,104733.45,0,0.6476190476190476,0.7316312485617508,0.6896
NEWLANDS,76,Theft,65,Theft:65; Hijack:5; Armed Robbery:3; Stolen and recovered:1; Remote jamming:1; Burglary:1,January,Thursday,14,7243879.57,95314.2,0,0.6761904761904762,0.6930088210783424,0.6846
STRAND,75,Theft,71,Theft:71; Attempted Theft:1; Armed Robbery:1; Accidental Damage:1; Burglary:1,December,Saturday,0,6792642.04,90568.56,0,0.6666666666666666,0.649619388727631,0.6581
WATERKLOOF RIDGE,56,Theft,51,Theft:51; Armed Robbery:3; Burglary:2,November,Sunday,3,8466708.69,151191.23,0,0.4857142857142857,0.8105918186156257,0.6482
MENLO PARK,42,Theft,42,Theft:42,June,Saturday,14,8976319.64,213721.9,0,0.3523809523809524,0.8595942361233333,0.606
RANDPARKRIF,46,Theft,43,Theft:43; Burglary:2; Attempted Theft:1,November,Saturday,13,7595036.52,165109.49,0,0.3904761904761905,0.7267748527435434,0.5586
SEA POINT,78,Theft,74,Theft:74; Armed Robbery:2; Attempted Theft:1; Windscreen/ Motor glass damage:1,July,Sunday,0,4340393.73,55646.07,0,0.6952380952380952,0.4138197154294214,0.5545
DURBAN CENTRAL,64,Theft,59,Theft:59; Hijack:3; Armed Robbery:1; Attempted Theft:1,August,Wednesday,17,5720531.83,90802.09,1,0.5619047619047619,0.546528997666183,0.5542
BEDFORDVIEW,50,Theft,47,Theft:47; Armed Robbery:1; Burglary:1; Hijack:1,September,Friday,1,6873699.78,140279.59,1,0.42857142857142855,0.6574136192435005,0.543
WATERKLOOF,28,Theft,27,Theft:27; Armed Robbery:1,April,Saturday,10,9017411.34,333978.2,1,0.21904761904761905,0.8635454711576305,0.5413
BROOKLYN,46,Theft,45,Theft:45; Hijack:1,January,Tuesday,11,7193253.35,156375.07,0,0.3904761904761905,0.688140779743522,0.5393
FAUNA,87,Theft,84,Theft:84; Attempted Theft:1; Burglary:1; Armed Robbery:1,August,Wednesday,12,2759915.32,31723.16,0,0.780952380952381,0.2618464053803775,0.5214
CAPE TOWN CITY CENTRE,93,Theft,88,Theft:88; Armed Robbery:2; Hijack:1; Attempted Theft:1; Accidental Damage:1,June,Thursday,16,1343332.83,14761.9,2,0.8380952380952381,0.12563275728453507,0.4819
DURBANVILLE,75,Theft,74,Theft:74; Armed Robbery:1,April,Monday,12,3123511.79,42787.83,2,0.6666666666666666,0.2968085780481129,0.4817
CLAREMONT,82,Theft,78,Theft:78; Armed Robbery:2; Windscreen/ Motor glass damage:1; Burglary:1,October,Saturday,0,2140231.49,26422.61,1,0.7333333333333333,0.20225976235311277,0.4678
PRETORIA CENTRAL,60,Theft,57,Theft:57; Armed Robbery:2; Hijack:1,February,Wednesday,18,4099814.05,68330.23,0,0.5238095238095238,0.39068640967288165,0.4572
HAZELWOOD,29,Theft,29,Theft:29,December,Friday,17,7153398.39,246668.91,0,0.22857142857142856,0.6843084653286277,0.4564
FOURWAYS,56,Theft,56,Theft:56,November,Sunday,17,4261937.47,76106.03,0,0.4857142857142857,0.40627563418742046,0.446
NORTHOME CONTENTSLIFF,44,Theft,42,Theft:42; Burglary:1; Hijack:1,September,Wednesday,0,5006455.45,113783.08,0,0.37142857142857144,0.4778658951462069,0.4246
STELLENBOSCH,75,Theft,74,Theft:74; Armed Robbery:1,April,Friday,22,1837745.39,24503.27,0,0.6666666666666666,0.17317375044053868,0.4199
PINELANDS,54,Theft,54,Theft:54,July,Friday,0,3725561.3,68991.88,0,0.4666666666666667,0.3546995661623415,0.4107
BLAIRGOWRIE,41,Theft,40,Theft:40; Armed Robbery:1,April,Friday,14,4922288.61,120055.82,0,0.34285714285714286,0.4697727043817926,0.4063
OBSERVATORY,56,Theft,55,Theft:55; Armed Robbery:1,May,Friday,17,3152129.78,56288.03,0,0.4857142857142857,0.2995603844883226,0.3926
WIERDAPARK,43,Theft,38,Theft:38; Burglary:3; Hijack:2,October,Saturday,6,4406463.0,102475.88,0,0.3619047619047619,0.42017270677108987,0.391
NOORDHEUWEL,45,Theft,44,Theft:44; Armed Robbery:1,April,Tuesday,14,4133341.83,91852.04,0,0.38095238095238093,0.39391032445270846,0.3874
FAERIE GLEN,32,Theft,32,Theft:32,October,Thursday,12,5324010.79,166375.34,0,0.2571428571428571,0.5084009127954195,0.3828
PAARL,66,Theft,66,Theft:66,October,Saturday,0,1868886.56,28316.46,0,0.580952380952381,0.1761681770987934,0.3786
MELVILLE,39,Theft,39,Theft:39,October,Sunday,15,4536499.39,116320.5,0,0.3238095238095238,0.4326765540176513,0.3782
WELTEVREDENPARK,42,Theft,38,Theft:38; Burglary:3; Armed Robbery:1,November,Friday,14,4193212.2,99838.39,0,0.3523809523809524,0.3996672511181989,0.376
CENTURION CENTRAL,50,Theft,44,Theft:44; Armed Robbery:3; Hijack:2; Attempted Theft:1,May,Saturday,14,3190783.0,63815.66,0,0.42857142857142855,0.30327714376215154,0.3659
LINDEN,37,Theft,36,Theft:36; Hijack:1,April,Tuesday,18,4379856.6,118374.5,0,0.3047619047619048,0.4176143278328487,0.3612
NORTHMEAD,44,Theft,44,Theft:44,January,Friday,0,3662866.88,83246.97,0,0.37142857142857144,0.3486710886654518,0.36
ROOIHUISKRAAL,42,Theft,40,Theft:40; Armed Robbery:2,April,Saturday,9,3745960.09,89189.53,0,0.3523809523809524,0.3566610429010812,0.3545
SANDOWN,29,Theft,26,Theft:26; Hijack:2; Armed Robbery:1,August,Friday,12,5017274.52,173009.47,0,0.22857142857142856,0.47890621930954186,0.3537
MORELETAPARK,44,Theft,42,Theft:42; Burglary:1; Attempted Theft:1,March,Wednesday,2,3371003.69,76613.72,0,0.37142857142857144,0.32060653885247903,0.346
EDENVALE,38,Theft,33,Theft:33; Hijack:3; Burglary:2,December,Wednesday,0,3952526.05,104013.84,0,0.3142857142857143,0.3765237075765565,0.3454
SUNNINGHILL,33,Theft,30,Theft:30; Hijack:2; Burglary:1,October,Thursday,19,4338227.72,131461.45,0,0.26666666666666666,0.4136114394370278,0.3401
TABLE VIEW,57,Theft,56,Theft:56; Hijack:1,January,Tuesday,3,1941403.06,34059.7,0,0.49523809523809526,0.18314111166622699,0.3392
CONSTANTIA KLOOF,20,Theft,18,Theft:18; Armed Robbery:2,March,Monday,13,5573195.8,278659.79,0,0.14285714285714285,0.5323616771720137,0.3376
ARCADIA,24,Theft,19,Theft:19; Hijack:3; Burglary:2,September,Friday,10,5103927.58,212663.65,0,0.18095238095238095,0.48723847634687684,0.3341
MENLYN,31,Theft,30,Theft:30; Attempted Theft:1,February,Tuesday,11,4318824.53,139316.92,0,0.24761904761904763,0.411745696133511,0.3297
WAVERLEY,30,Theft,30,Theft:30,November,Saturday,16,4391806.67,146393.56,0,0.23809523809523808,0.4187634050247464,0.3284
DURBAN NORTH,48,Theft,45,Theft:45; Armed Robbery:2; Hijack:1,April,Thursday,0,2606072.19,54293.17,0,0.4095238095238095,0.24705338476935546,0.3283
PARKLANDS,56,Theft,54,Theft:54; Attempted Theft:1; Armed Robbery:1,December,Friday,20,1667649.77,29779.46,0,0.4857142857142857,0.15681794688594008,0.3213
GREENSIDE,27,Theft,26,Theft:26; Burglary:1,December,Thursday,17,4535416.6,167978.39,0,0.20952380952380953,0.4325724366951072,0.321
GLENWOOD,41,Theft,41,Theft:41,February,Tuesday,11,3138354.56,76545.23,0,0.34285714285714286,0.2982358072167775,0.3205
WOODMEAD,20,Theft,15,Theft:15; Hijack:2; Stolen and recovered:2; Armed Robbery:1,April,Wednesday,15,5005282.46,250264.12,0,0.14285714285714285,0.4777531045052045,0.3103
MILNERTON,41,Theft,39,Theft:39; Burglary:2,March,Friday,19,2779335.2,67788.66,0,0.34285714285714286,0.26371375353627874,0.3033
NIEUW MUCKLENEUK,15,Theft,14,Theft:14; Stolen and recovered:1,November,Wednesday,14,5048049.05,336536.6,0,0.09523809523809523,0.4818653911398636,0.2886
SCHOEMANSVILLE,17,Theft,17,Theft:17,November,Saturday,3,4845792.55,285046.62,0,0.11428571428571428,0.46241710915799555,0.2884
PARKHURST,31,Theft,31,Theft:31,September,Saturday,21,3400707.06,109700.23,0,0.24761904761904763,0.3234627116606299,0.2855
RYNFIELD,26,Theft,23,Theft:23; Armed Robbery:2; Burglary:1,July,Tuesday,13,3855284.24,154211.37,1,0.2,0.36717327314647774,0.2836
MUSGRAVE,32,Theft,27,Theft:27; Hijack:5,January,Sunday,13,3254381.34,101699.42,0,0.2571428571428571,0.3093925390641503,0.2833
WATERKLOOF GLEN,18,Theft,17,Theft:17; Attempted Theft:1,May,Saturday,13,4561100.95,253394.5,0,0.12380952380952381,0.43504215451046047,0.2794
BALLITO,27,Theft,26,Theft:26; Burglary:1,January,Saturday,19,3603208.26,133452.16,0,0.20952380952380953,0.3429345231439031,0.2762
HILLCREST,35,Theft,34,Theft:34; Burglary:1,October,Saturday,2,2795580.13,79873.72,0,0.2857142857142857,0.2652758095365344,0.2755
HEIDELBERG,31,Theft,23,Theft:23; Hijack:8,October,Friday,22,3190234.48,102910.79,0,0.24761904761904763,0.3032243999856465,0.2754
DIE HOEWES,26,Theft,26,Theft:26,October,Saturday,10,3619102.97,139196.27,0,0.2,0.3444629032063487,0.2722
GARDENS,50,Theft,49,Theft:49; Windscreen/ Motor glass damage:1,May,Sunday,20,1189246.5,23784.93,0,0.42857142857142855,0.11081635140689369,0.2697
LYNNWOOD,29,Theft,25,Theft:25; Hijack:1; Armed Robbery:1; Stolen and recovered:1; SOS:1,October,Wednesday,12,3261017.72,116464.92,1,0.22857142857142856,0.31003067029641646,0.2693
FERNDALE,37,Theft,35,Theft:35; Hijack:1; Armed Robbery:1,June,Wednesday,11,2466557.71,66663.72,0,0.3047619047619048,0.23363815733491605,0.2692
CONSTANTIA,34,Theft,34,Theft:34,May,Saturday,3,2739581.43,80575.92,0,0.2761904761904762,0.25989116920004074,0.268
STAMFORD HILL,19,Theft,19,Theft:19,January,Sunday,17,4196026.08,220843.48,0,0.13333333333333333,0.39993782403774975,0.2666
KENSINGTON,42,Theft,36,Theft:36; Hijack:2; Armed Robbery:2; Burglary:1; SOS:1,April,Sunday,0,1879159.59,46978.99,2,0.3523809523809524,0.1771559959538027,0.2648
LONE HILL,25,Theft,23,Theft:23; Burglary:1; Hijack:1,January,Friday,13,3558242.84,142329.71,0,0.19047619047619047,0.3386108046597351,0.2645
THREE RIVERS,24,Theft,23,Theft:23; Stolen and recovered:1,March,Friday,5,3438697.88,143279.08,0,0.18095238095238095,0.3271157768530088,0.254
MUIZENBERG,32,Theft,31,Theft:31; Attempted Theft:1,May,Saturday,8,2601506.88,81297.09,0,0.2571428571428571,0.24661440042910115,0.2519
WESTDENE,25,Theft,19,Theft:19; Hijack:5; Stolen and recovered:1,July,Friday,0,3214558.94,128582.36,0,0.19047619047619047,0.3055633555056751,0.248
PARKVIEW,19,Theft,17,Theft:17; Armed Robbery:1; Windscreen/ Motor glass damage:1,February,Tuesday,14,3763099.41,198057.86,0,0.13333333333333333,0.358309100334773,0.2458
KUILS RIVER,41,Theft,39,Theft:39; Burglary:1; Armed Robbery:1,March,Saturday,3,1560348.53,39008.71,1,0.34285714285714286,0.14650023263436301,0.2447
HATFIELD,24,Theft,23,Theft:23; Armed Robbery:1,November,Tuesday,21,3219351.5,134139.65,0,0.18095238095238095,0.3060241914159921,0.2435
KRUGERSDORP,38,Theft,36,Theft:36; Armed Robbery:1; Burglary:1,December,Wednesday,0,1828266.09,48112.27,0,0.3142857142857143,0.17226225390326685,0.2433
PRETORIA NORTH,35,Theft,32,Theft:32; Armed Robbery:2; Hijack:1,May,Tuesday,13,2091012.0,59743.2,0,0.2857142857142857,0.19752698728519782,0.2416
KLOOF,34,Theft,32,Theft:32; Armed Robbery:1; Hijack:1,January,Saturday,12,2134005.42,62764.87,0,0.2761904761904762,0.20166108510417957,0.2389
ROSEBANK,37,Theft,35,Theft:35; Hijack:2,August,Friday,22,1830012.03,50833.67,1,0.3047619047619048,0.17243013742465393,0.2386
ERASMUSKLOOF,14,Theft,14,Theft:14,April,Wednesday,13,4084275.69,291733.98,0,0.08571428571428572,0.3891922949877379,0.2375
ORANJEZICHT,32,Theft,30,Theft:30; Hijack:1; Windscreen/ Motor glass damage:1,November,Friday,10,2298243.7,71820.12,0,0.2571428571428571,0.21745366720491308,0.2373
TAMBOERSKLOOF,41,Theft,41,Theft:41,August,Wednesday,14,1400214.87,34151.58,0,0.34285714285714286,0.1311023365248754,0.237
ILLOVO,19,Theft,19,Theft:19,January,Saturday,21,3504437.39,184444.07,0,0.13333333333333333,0.33343705961934683,0.2334
CONSTANTIA PARK,17,Theft,17,Theft:17,October,Saturday,2,3673260.07,216074.12,0,0.11428571428571428,0.34967046168837634,0.232
HELDERKRUIN,28,Theft,27,Theft:27; Burglary:1,October,Tuesday,0,2582764.55,92241.59,0,0.21904761904761905,0.2448122031259874,0.2319
KENILWORTH,37,Theft,33,Theft:33; Burglary:2; Hijack:2,December,Friday,20,1673049.86,45217.56,0,0.3047619047619048,0.1573372007692391,0.231
SUNWARD PARK,18,Theft,17,Theft:17; Hijack:1,November,Saturday,18,3461269.35,203604.08,1,0.12380952380952381,0.3292861709481567,0.2265
OLYMPUS AH,18,Theft,15,Theft:15; Burglary:1; Hijack:1; Stolen and recovered:1,February,Monday,15,3444611.58,191367.31,0,0.12380952380952381,0.32768441768856255,0.2257
MONTANA,24,Theft,23,Theft:23; Burglary:1,May,Saturday,13,2725678.52,113569.94,0,0.18095238095238095,0.2585543137019552,0.2198
HIGHVELD,15,Theft,15,Theft:15,October,Thursday,13,3590715.2,239381.01,0,0.09523809523809523,0.3417332339210777,0.2185
GREEN POINT,37,Theft,36,Theft:36; Attempted Theft:1,April,Wednesday,18,1376653.85,37206.86,0,0.3047619047619048,0.12883679074147447,0.2168
BOKSBURG,30,Theft,29,Theft:29; Hijack:1,December,Saturday,23,2059055.56,68635.19,0,0.23809523809523808,0.19445416709768026,0.2163
WYNBERG,35,Theft,29,Theft:29; Hijack:4; Accidental Damage:1; Windscreen/ Motor glass damage:1,November,Tuesday,0,1560092.5,44574.07,0,0.2857142857142857,0.1464756136795417,0.2161
CASHAN,11,Theft,11,Theft:11,June,Friday,20,3921291.42,356481.04,0,0.05714285714285714,0.3735202941295755,0.2153
WOODSTOCK,40,Theft,37,Theft:37; Attempted Theft:1; Hijack:1; Burglary:1,October,Friday,9,1028098.65,25702.47,0,0.3333333333333333,0.0953209343124034,0.2143
BEACON BAY NORTH,34,Theft,34,Theft:34,December,Saturday,0,1591896.58,46820.49,0,0.2761904761904762,0.1495337834590736,0.2129
TERGNIET,41,Theft,41,Theft:41,June,Friday,13,897613.14,21893.0,0,0.34285714285714286,0.08277390124781532,0.2128
NOORDWYK,24,Theft,21,Theft:21; Hijack:2; Stolen and recovered:1,July,Thursday,12,2551382.7,106307.61,0,0.18095238095238095,0.24179463351555372,0.2114
PRETORIA WEST,29,Theft,26,Theft:26; Hijack:3,October,Thursday,15,1973804.26,68062.22,0,0.22857142857142856,0.18625669842932682,0.2074
CRAIGHALL PARK,24,Theft,23,Theft:23; Armed Robbery:1,August,Friday,2,2441892.84,101745.53,0,0.18095238095238095,0.23126646917257707,0.2061
ELDORAIGNE,26,Theft,22,Theft:22; Stolen and recovered:2; Burglary:1; Armed Robbery:1,May,Friday,15,2205734.94,88229.4,1,0.2,0.2085583464104122,0.2043
MONDEOR,26,Theft,21,Theft:21; Hijack:3; Armed Robbery:2,September,Thursday,18,2203151.93,88126.08,1,0.2,0.20830997314754066,0.2042
RESERVOIR HILLS,23,Theft,23,Theft:23,November,Monday,7,2488760.41,108206.97,0,0.17142857142857143,0.23577309178873498,0.2036
GROENKLOOF,14,Theft,13,Theft:13; Hijack:1,July,Saturday,14,3379080.77,241362.91,0,0.08571428571428572,0.3213832027887684,0.2035
MBOMBELA,33,Theft,33,Theft:33,July,Friday,8,1468308.93,44494.21,0,0.26666666666666666,0.1376500246346283,0.2022
POTCHEFSTROOM,30,Theft,28,Theft:28; Hijack:1; Burglary:1,June,Saturday,20,1761988.54,58732.95,0,0.23809523809523808,0.16588923508079462,0.202
LYTTELTON MANOR,23,Theft,22,Theft:22; Armed Robbery:1,July,Sunday,11,2452668.32,106637.75,0,0.17142857142857143,0.23230260187303406,0.2019
CAMPS BAY,30,Theft,29,Theft:29; Burglary:1,January,Sunday,22,1717285.69,57242.86,0,0.23809523809523808,0.16159076441511439,0.1998
FAIRLAND,21,Theft,19,Theft:19; Armed Robbery:2,May,Friday,14,2601191.75,123866.27,0,0.1523809523809524,0.2465840986237157,0.1995
TZANEEN,39,Theft,39,Theft:39,January,Saturday,9,815925.56,20921.17,0,0.3238095238095238,0.07491910750691501,0.1994
STELLENBOSCH CENTRAL,29,Theft,29,Theft:29,February,Friday,0,1801156.76,62108.85,0,0.22857142857142856,0.16965551496444653,0.1991
STRUBENS VALLEY,20,Theft,18,Theft:18; Burglary:1; Hijack:1,December,Sunday,13,2685682.71,134284.14,0,0.14285714285714285,0.25470845564066563,0.1988
ELARDUSPARK,29,Theft,26,Theft:26; Attempted Theft:2; Hijack:1,October,Monday,0,1754403.86,60496.68,0,0.22857142857142856,0.16515991861688747,0.1969
ROODEPOORT,29,Theft,29,Theft:29,May,Wednesday,18,1742950.89,60101.75,0,0.22857142857142856,0.1640586408330344,0.1963
MONUMENT PARK,20,Theft,18,Theft:18; Remote jamming:1; Burglary:1,August,Monday,15,2612871.74,130643.59,0,0.14285714285714285,0.24770720586163092,0.1953
WALMER,32,Theft,30,Theft:30; Hijack:1; Armed Robbery:1,September,Saturday,0,1419759.25,45798.69,1,0.2571428571428571,0.1329816561680057,0.1951
BRACKENHURST,26,Theft,25,Theft:25; Burglary:1,May,Saturday,14,2012895.48,77419.06,0,0.2,0.19001557426063626,0.195
FAR EAST BANK,35,Theft,31,Theft:31; Attempted Theft:2; Hijack:1; Armed Robbery:1,May,Sunday,14,1054467.92,30127.65,0,0.2857142857142857,0.09785651165412548,0.1918
WESTVILLE,22,Theft,21,Theft:21; Armed Robbery:1,January,Friday,10,2332623.99,106028.36,0,0.1619047619047619,0.2207595563829538,0.1913
VORNA VALLEY,20,Theft,18,Theft:18; Armed Robbery:2,January,Saturday,16,2502055.36,125102.77,0,0.14285714285714285,0.23705148796653314,0.19
VOSLOORUS,15,Hijack,7,Hijack:7; Theft:7; Stolen and recovered:1,August,Thursday,21,2989696.72,199313.11,0,0.09523809523809523,0.2839413860677147,0.1896
EMALAHLENI,18,Theft,16,Theft:16; Hijack:2,November,Friday,16,2686929.6,149273.87,0,0.12380952380952381,0.25482835224878636,0.1893
MIDDELBURG,35,Theft,35,Theft:35,October,Monday,0,977997.14,27942.78,0,0.2857142857142857,0.09050334726725341,0.1881
PAULSHOF,30,Theft,30,Theft:30,November,Wednesday,3,1458874.37,48629.15,0,0.23809523809523808,0.13674283014023703,0.1874
PARKTOWN,21,Theft,21,Theft:21,August,Sunday,8,2252916.49,107281.74,0,0.1523809523809524,0.2130951602519531,0.1827
LENASIA SOUTH,16,Theft,14,Theft:14; Hijack:2,December,Tuesday,5,2745714.32,171607.14,0,0.10476190476190476,0.26048088658407426,0.1826
BENONI,29,Theft,28,Theft:28; Hijack:1,May,Saturday,10,1426784.75,49199.47,0,0.22857142857142856,0.13365720382686272,0.1811
DAWNCLIFFE,19,Theft,18,Theft:18; Armed Robbery:1,March,Tuesday,6,2414737.15,127091.43,0,0.13333333333333333,0.22865527241730743,0.181
ESSENWOOD,18,Theft,17,Theft:17; Stolen and recovered:1,November,Saturday,9,2482043.45,137891.3,0,0.12380952380952381,0.23512721226377076,0.1795
WILRO PARK,22,Theft,20,Theft:20; Armed Robbery:1; Stolen and recovered:1,November,Saturday,6,2018696.92,96128.42,1,0.1619047619047619,0.19057342056481383,0.1762
SECUNDA,30,Theft,30,Theft:30,May,Thursday,4,1212665.22,40422.17,0,0.23809523809523808,0.11306821411693965,0.1756
SUNDOWNER,22,Theft,18,Theft:18; Armed Robbery:2; Attempted Theft:1; Burglary:1,December,Friday,15,1980600.55,94314.31,1,0.1619047619047619,0.18691020605133427,0.1744
HOUGHTON ESTATE,13,Theft,12,Theft:12; Hijack:1,November,Wednesday,19,2851278.18,219329.09,0,0.0761904761904762,0.2706315404141091,0.1734
WENDYWOOD,22,Theft,17,Theft:17; Hijack:3; Armed Robbery:1; Stolen and recovered:1,April,Thursday,0,1953107.03,88777.59,0,0.1619047619047619,0.184266524737586,0.1731
GLENMARAIS,19,Theft,16,Theft:16; Hijack:1; Armed Robbery:1; Burglary:1,August,Tuesday,6,2233005.76,117526.62,0,0.13333333333333333,0.21118061366628169,0.1723
GLENVISTA,27,Theft,25,Theft:25; Armed Robbery:1; Burglary:1,February,Wednesday,10,1426417.89,52830.29,0,0.20952380952380953,0.13362192784449442,0.1716
VREDEHOEK,34,Theft,32,Theft:32; Burglary:1; Malicious Damage:1,September,Tuesday,0,724486.18,21308.42,0,0.2761904761904762,0.06612661457597245,0.1712
PLUMSTEAD,31,Theft,31,Theft:31,December,Sunday,14,1019972.45,32902.34,0,0.24761904761904763,0.09453954716765871,0.1711
DIE WILGERS,23,Theft,22,Theft:22; Hijack:1,December,Friday,0,1798181.91,78181.82,0,0.17142857142857143,0.16936946372923894,0.1704
UMKOMAAS,13,Theft,12,Theft:12; Burglary:1,February,Saturday,11,2764658.02,212666.0,0,0.0761904761904762,0.2623024469264114,0.1692
POLOKWANE CENTRAL,32,Theft,30,Theft:30; Burglary:2,August,Friday,2,873503.67,27296.99,0,0.2571428571428571,0.080455618418866,0.1688
EMMARENTIA,14,Theft,12,Theft:12; Burglary:2,November,Tuesday,21,2642877.91,188776.99,0,0.08571428571428572,0.25059249486522717,0.1682
CROYDON,22,Theft,18,Theft:18; Hijack:2; Armed Robbery:1; Burglary:1,March,Wednesday,15,1841283.32,83694.7,0,0.1619047619047619,0.17351394549123972,0.1677
ATHOLL,8,Theft,8,Theft:8,February,Wednesday,14,3211538.91,401442.36,0,0.02857142857142857,0.3052729599187165,0.1669
GLEN AUSTIN AH,21,Theft,18,Theft:18; Hijack:2; Burglary:1,January,Monday,3,1916010.5,91238.6,0,0.1523809523809524,0.18069945136299073,0.1665
HENNOPSPARK,14,Theft,14,Theft:14,May,Wednesday,0,2593037.57,185216.97,0,0.08571428571428572,0.24580002101943146,0.1658
BRAKPAN,22,Theft,21,Theft:21; Accidental Damage:1,August,Friday,11,1783317.51,81059.89,0,0.1619047619047619,0.1679401546949618,0.1649
BULWER,23,Theft,15,Theft:15; Hijack:3; Armed Robbery:2; Stolen and recovered:2; Windscreen/ Motor glass damage:1,July,Monday,4,1684736.34,80225.54,2,0.17142857142857143,0.1584609320629946,0.1649
BELLVILLE,26,Theft,22,Theft:22; Burglary:2; Remote jamming:1; Armed Robbery:1,February,Friday,10,1319967.26,50767.97,0,0.2,0.12338600529373588,0.1617
FARRARMERE,19,Theft,19,Theft:19,February,Wednesday,16,1971851.83,103781.68,0,0.13333333333333333,0.18606895954731384,0.1597
LENASIA,25,Theft,21,Theft:21; Hijack:4,December,Friday,13,1359536.5,54381.46,0,0.19047619047619047,0.12719084586661344,0.1588
MALVERN,15,Theft,12,Theft:12; Hijack:3,March,Wednesday,16,2340835.86,156055.72,0,0.09523809523809523,0.2215491812571034,0.1584
BLOEMFONTEIN,29,Theft,26,Theft:26; Remote jamming:1; Armed Robbery:1; Burglary:1,April,Monday,18,950049.48,32760.33,0,0.22857142857142856,0.08781599742972841,0.1582
MEYERTON,19,Theft,18,Theft:18; Hijack:1,July,Tuesday,3,1939103.87,102058.1,0,0.13333333333333333,0.1829200295479767,0.1581
MARLBORO,16,Hijack,10,Hijack:10; Theft:5; Armed Robbery:1,October,Wednesday,7,2229363.46,148624.23,1,0.10476190476190476,0.21083038275917831,0.1578
PLETTENBERG BAY,28,Theft,28,Theft:28,September,Saturday,8,1024445.42,36587.34,0,0.21904761904761905,0.09496965241449348,0.157
RANDPARK,27,Theft,23,Theft:23; Stolen and recovered:2; Armed Robbery:1; Hijack:1,April,Wednesday,0,1101139.53,40782.95,0,0.20952380952380953,0.10234429143785444,0.1559
HENLEY ON KLIP,24,Theft,23,Theft:23; Burglary:1,July,Friday,0,1382443.81,60106.25,1,0.18095238095238095,0.12939353316875732,0.1552
THE REEDS,26,Theft,26,Theft:26,June,Tuesday,5,1171928.4,45074.17,0,0.2,0.10915110310985408,0.1546
MOWBRAY,28,Theft,26,Theft:26; Hijack:1; Armed Robbery:1,December,Saturday,2,969283.16,35899.38,1,0.21904761904761905,0.08966544124087424,0.1544
UMHLANGA,22,Theft,21,Theft:21; Burglary:1,September,Wednesday,18,1563973.41,71089.7,0,0.1619047619047619,0.14684878849481958,0.1544
ROODEKRANS,18,Theft,18,Theft:18,December,Saturday,15,1938992.2,107721.79,0,0.12380952380952381,0.18290929174894963,0.1534
EAST LONDON,24,Theft,23,Theft:23; Hijack:1,August,Saturday,17,1310725.39,54613.56,0,0.18095238095238095,0.12249733919994027,0.1517
QUEENSWOOD,18,Theft,18,Theft:18,October,Thursday,16,1866906.5,103717.03,0,0.12380952380952381,0.17597778141202428,0.1499
WINDERMERE,19,Theft,19,Theft:19,March,Saturday,18,1767831.92,93043.79,0,0.13333333333333333,0.16645111418958572,0.1499
PORT ELIZABETH CENTRAL,31,Theft,28,Theft:28; Armed Robbery:2; Hijack:1,October,Friday,15,579660.17,19322.01,1,0.24761904761904763,0.052200648879993136,0.1499
LAKEFIELD,7,Theft,6,Theft:6; Armed Robbery:1,August,Friday,20,2956924.96,422417.85,0,0.01904761904761905,0.28079016754310804,0.1499
PARKTOWN NORTH,17,Theft,15,Theft:15; Stolen and recovered:1; Burglary:1,December,Monday,12,1943362.72,114315.45,0,0.11428571428571428,0.18332954575990795,0.1488
PRIMROSE,18,Theft,18,Theft:18,October,Friday,11,1783962.55,99109.03,0,0.12380952380952381,0.16800217949915638,0.1459
BENDOR PARK,23,Theft,23,Theft:23,October,Wednesday,2,1272087.06,55308.13,0,0.17142857142857143,0.11878201169675265,0.1451
PARKMORE,14,Theft,11,Theft:11; Malicious Damage:2; Armed Robbery:1,January,Friday,13,2137880.12,152705.72,0,0.08571428571428572,0.2020336627874439,0.1439
SILVERTON,19,Theft,16,Theft:16; Burglary:2; Hijack:1,October,Wednesday,0,1619650.88,85244.78,0,0.13333333333333333,0.15220254047113183,0.1428
WILGEHEUWEL,20,Theft,19,Theft:19; Hijack:1,August,Sunday,15,1470377.41,73518.87,0,0.14285714285714285,0.13784892248124314,0.1404
VERULAM,23,Theft,23,Theft:23,January,Friday,14,1170330.17,50883.92,0,0.17142857142857143,0.10899742286861644,0.1402
SIMON'S TOWN,11,Theft,11,Theft:11,March,Saturday,0,2358176.22,214379.66,0,0.05714285714285714,0.22321656999836567,0.1402
LOMBARDY EAST,15,Hijack,8,Hijack:8; Theft:6; Stolen and recovered:1,October,Tuesday,13,1943029.82,129535.32,0,0.09523809523809523,0.1832975352530923,0.1393
FLORIDA PARK,15,Theft,14,Theft:14; Burglary:1,December,Sunday,22,1916410.25,127760.68,0,0.09523809523809523,0.18073788993343098,0.138
NORTH BEACH,13,Theft,13,Theft:13,September,Saturday,17,2065298.43,158869.11,0,0.0761904761904762,0.19505445977621538,0.1356
BRITS,28,Theft,27,Theft:27; Remote jamming:1,April,Saturday,4,532079.67,19002.85,0,0.21904761904761905,0.04762547339323117,0.1333
HURLINGHAM,20,Theft,20,Theft:20,July,Saturday,2,1311568.37,65578.42,0,0.14285714285714285,0.12257839722648123,0.1327
WINGATE PARK,22,Theft,20,Theft:20; Burglary:1; Armed Robbery:1,February,Monday,3,1087770.18,49444.1,0,0.1619047619047619,0.101058741214676,0.1315
RUIMSIG,12,Theft,11,Theft:11; Armed Robbery:1,July,Sunday,11,2071673.98,172639.5,0,0.06666666666666667,0.19566751050234532,0.1312
SINOVILLE,19,Theft,19,Theft:19,May,Sunday,1,1348958.15,70997.8,0,0.13333333333333333,0.12617366850171838,0.1298
SUNNYSIDE,18,Theft,14,Theft:14; Hijack:4,September,Monday,0,1434830.65,79712.81,0,0.12380952380952381,0.13443086960273598,0.1291
SUNNINGDALE,24,Theft,24,Theft:24,February,Thursday,2,818427.51,34101.15,0,0.18095238095238095,0.07515968632195696,0.1281
MAYFAIR WEST,12,Theft,11,Theft:11; Hijack:1,November,Saturday,16,1984015.02,165334.58,0,0.06666666666666667,0.18723852961759113,0.127
FLORIDA,16,Theft,16,Theft:16,January,Friday,15,1585839.24,99114.95,0,0.10476190476190476,0.14895133070042282,0.1269
NASREC,11,Theft,9,Theft:9; Hijack:2,April,Saturday,23,2076677.38,188788.85,0,0.05714285714285714,0.19614862005416728,0.1266
PARKRAND,14,Theft,14,Theft:14,November,Saturday,0,1742813.91,124486.71,0,0.08571428571428572,0.16404546931238673,0.1249
COLBYN,7,Theft,5,Theft:5; Armed Robbery:2,April,Saturday,17,2431122.66,347303.24,0,0.01904761904761905,0.23023084610169692,0.1246
SUMMERSTRAND,21,Theft,20,Theft:20; Burglary:1,May,Tuesday,20,1037374.45,49398.78,0,0.1523809523809524,0.09621286299705586,0.1243
MORNINGSIDE MANOR,14,Theft,12,Theft:12; Hijack:1; Burglary:1,August,Friday,15,1700845.78,121488.98,0,0.08571428571428572,0.16000995981582325,0.1229
RANDHART,15,Theft,15,Theft:15,January,Monday,13,1589941.27,105996.08,0,0.09523809523809523,0.1493457676462717,0.1223
SASOLBURG,17,Theft,16,Theft:16; Burglary:1,November,Wednesday,0,1384094.81,81417.34,0,0.11428571428571428,0.12955228758976267,0.1219
BROMHOF,18,Theft,18,Theft:18,April,Friday,14,1279669.52,71092.75,0,0.12380952380952381,0.11951111469317667,0.1217
GROOTFONTEIN COUNTRY ESTATES,16,Theft,16,Theft:16,November,Saturday,2,1474461.91,92153.87,0,0.10476190476190476,0.13824167380322755,0.1215
LYNNWOOD GLEN,13,Theft,11,Theft:11; Burglary:1; Armed Robbery:1,January,Tuesday,11,1771135.63,136241.2,0,0.0761904761904762,0.16676878745925228,0.1215
KYALAMI ESTATE,9,Theft,7,Theft:7; Hijack:2,November,Saturday,14,2165497.9,240610.88,0,0.0380952380952381,0.20468929251085546,0.1214
NORTH RIDING,19,Theft,18,Theft:18; Armed Robbery:1,September,Saturday,0,1173404.03,61758.11,0,0.13333333333333333,0.10929299456125814,0.1213
FOCHVILLE,12,Theft,11,Theft:11; Hijack:1,April,Saturday,16,1864592.68,155382.72,0,0.06666666666666667,0.1757552925238289,0.1212
WESTCLIFF,16,Theft,16,Theft:16,April,Saturday,18,1438240.4,89890.02,0,0.10476190476190476,0.13475873931019988,0.1198
PRETORIUSPARK,7,Theft,7,Theft:7,May,Saturday,12,2297047.63,328149.66,0,0.01904761904761905,0.21733865727133833,0.1182
LITTLE FALLS,18,Theft,16,Theft:16; Burglary:1; Armed Robbery:1,January,Friday,13,1205032.9,66946.27,0,0.12380952380952381,0.11233431675623257,0.1181
FISH HOEK,19,Theft,19,Theft:19,January,Monday,8,1100223.4,57906.49,0,0.13333333333333333,0.10225619956158816,0.1178
MAGALIESSIG,8,Theft,8,Theft:8,July,Thursday,14,2169716.25,271214.53,0,0.02857142857142857,0.20509491438356764,0.1168
ALBERTON,21,Theft,21,Theft:21,December,Saturday,10,876781.89,41751.52,0,0.1523809523809524,0.08077084065873764,0.1166
GORDONS BAY,19,Theft,19,Theft:19,October,Friday,4,1042026.2,54843.48,0,0.13333333333333333,0.0966601591072385,0.115
GREENSTONE HILL,12,Theft,9,Theft:9; Hijack:3,April,Saturday,1,1728844.02,144070.34,0,0.06666666666666667,0.1627021732503285,0.1147
LANGEBAAN,19,Theft,17,Theft:17; Armed Robbery:2,October,Saturday,0,1028066.14,54108.74,0,0.13333333333333333,0.0953178082638105,0.1143
ROODEPLAAT,13,Theft,13,Theft:13,October,Friday,0,1598385.83,122952.76,0,0.0761904761904762,0.15015776718197416,0.1132
UMHLANGA RIDGE,9,Theft,9,Theft:9,September,Wednesday,15,1986361.48,220706.83,0,0.0380952380952381,0.1874641570547275,0.1128
SILVERGLEN,10,Theft,7,Theft:7; Armed Robbery:2; Stolen and recovered:1,January,Saturday,16,1876682.45,187668.25,0,0.047619047619047616,0.17691780278211938,0.1123
WATERVAL CITY,5,Theft,5,Theft:5,July,Wednesday,9,2370878.48,474175.7,0,0.0,0.22443797516599687,0.1122
KRUGERSDORP NORTH,13,Theft,13,Theft:13,February,Tuesday,22,1536437.46,118187.5,0,0.0761904761904762,0.14420102725976103,0.1102
SHEFFIELD BEACH,5,Theft,5,Theft:5,February,Friday,13,2326245.01,465249.0,0,0.0,0.22014617583994675,0.1101
UMHLANGA ROCKS,15,Theft,15,Theft:15,November,Sunday,4,1332432.47,88828.83,0,0.09523809523809523,0.12458461655736992,0.1099
GONUBIE,22,Theft,22,Theft:22,November,Monday,4,622528.73,28296.76,0,0.1619047619047619,0.05632274059539723,0.1091
IRENE,8,Theft,8,Theft:8,August,Sunday,16,2006598.07,250824.76,0,0.02857142857142857,0.1894100372052861,0.109
KARENPARK,8,Theft,8,Theft:8,October,Tuesday,11,1997404.17,249675.52,0,0.02857142857142857,0.1885259837399433,0.1085
GEORGE,21,Theft,21,Theft:21,August,Friday,0,701606.4,33409.83,0,0.1523809523809524,0.0639265744629323,0.1082
HARTEBEESPOORT,17,Theft,17,Theft:17,December,Saturday,23,1092951.87,64291.29,0,0.11428571428571428,0.10155699451314912,0.1079
DOORNPOORT,18,Theft,17,Theft:17; Stolen and recovered:1,October,Sunday,11,977822.35,54323.46,0,0.12380952380952381,0.09048654006843601,0.1071
BUCCLEUCH,15,Theft,12,Theft:12; Hijack:3,November,Friday,0,1272893.07,84859.54,0,0.09523809523809523,0.11885951481660395,0.107
SYDENHAM,19,Theft,19,Theft:19,September,Tuesday,11,862318.99,45385.21,0,0.13333333333333333,0.07938013846881761,0.1064
MONAVONI,8,Theft,6,Theft:6; Hijack:2,August,Wednesday,3,1945881.34,243235.17,0,0.02857142857142857,0.1835717275042038,0.1061
KIBLER PARK,12,Theft,9,Theft:9; Hijack:3,March,Monday,14,1533162.09,127763.51,0,0.06666666666666667,0.1438860790659826,0.1053
RIVONIA,13,Theft,13,Theft:13,December,Wednesday,8,1432928.22,110225.25,0,0.0761904761904762,0.1342479385469194,0.1052
ORANGE GROVE,13,Theft,12,Theft:12; Burglary:1,September,Tuesday,12,1406400.2,108184.63,0,0.0761904761904762,0.13169709635702373,0.1039
CLUBVIEW,13,Theft,13,Theft:13,December,Saturday,15,1405242.72,108095.59,0,0.0761904761904762,0.1315857971037074,0.1039
EQUESTRIA,15,Theft,12,Theft:12; Armed Robbery:3,January,Wednesday,14,1204411.69,86029.41,1,0.09523809523809523,0.11227458336200319,0.1038
KENMARE,10,Theft,10,Theft:10,November,Wednesday,8,1697511.1,169751.11,0,0.047619047619047616,0.15968930857861063,0.1037
PRETORIA,21,Theft,20,Theft:20; Armed Robbery:1,April,Thursday,11,598463.58,28498.27,0,0.1523809523809524,0.0540087194235884,0.1032
BEYERS PARK,12,Theft,12,Theft:12,June,Tuesday,3,1485777.8,123814.82,0,0.06666666666666667,0.13932977045078057,0.103
PANORAMA,19,Theft,15,Theft:15; Burglary:2; Armed Robbery:2,October,Monday,4,772084.9,40636.05,0,0.13333333333333333,0.07070354203460039,0.102
TOKAI,19,Theft,17,Theft:17; Armed Robbery:2,June,Tuesday,3,748955.02,39418.69,0,0.13333333333333333,0.0684794531749258,0.1009
ALEXANDRA,14,Hijack,8,Hijack:8; Theft:4; Armed Robbery:2,November,Monday,18,1242486.6,103540.55,2,0.08571428571428572,0.11593573435647926,0.1008
HAVENSIDE,9,Theft,7,Theft:7; Hijack:2,December,Thursday,14,1733055.44,192561.72,0,0.0380952380952381,0.1631071287583299,0.1006
AMANZIMTOTI,22,Theft,22,Theft:22,August,Saturday,0,438913.63,19950.62,0,0.1619047619047619,0.03866695083868287,0.1003
PROTEA PARK,15,Theft,15,Theft:15,December,Sunday,7,1126294.67,75086.31,0,0.09523809523809523,0.10476312225917966,0.1
MIDSTREAM ESTATE,13,Theft,11,Theft:11; Hijack:2,September,Thursday,15,1317579.33,101352.26,0,0.0761904761904762,0.1231563902455522,0.0997
CRAIGHALL,13,Theft,11,Theft:11; Burglary:1; Attempted Theft:1,September,Saturday,7,1316532.06,101271.7,0,0.0761904761904762,0.12305568840273799,0.0996
LYME PARK,10,Theft,10,Theft:10,December,Wednesday,0,1598495.88,159849.59,0,0.047619047619047616,0.1501683492074324,0.0989
ASHLEA GARDENS,7,Theft,6,Theft:6; Burglary:1,May,Saturday,22,1894343.21,270620.46,0,0.01904761904761905,0.1786160000736482,0.0988
POMONA,12,Theft,11,Theft:11; Hijack:1,May,Thursday,7,1397079.33,116423.28,0,0.06666666666666667,0.13080083389783784,0.0987
MONUMENT,13,Theft,12,Theft:12; Burglary:1,February,Tuesday,7,1296043.25,99695.63,0,0.0761904761904762,0.12108555565371426,0.0986
NORWOOD,16,Theft,16,Theft:16,August,Tuesday,18,995577.24,62223.58,0,0.10476190476190476,0.09219378857356217,0.0985
BONAERO PARK,16,Theft,16,Theft:16,December,Thursday,13,995767.65,62235.48,0,0.10476190476190476,0.09221209773728332,0.0985
HOUT BAY,20,Theft,19,Theft:19; Malicious Damage:1,November,Saturday,18,589582.14,29479.11,0,0.14285714285714285,0.05315471102571223,0.098
WOODHURST,14,Theft,12,Theft:12; Burglary:2,October,Thursday,15,1165067.5,83219.11,0,0.08571428571428572,0.10849138281483564,0.0971
DORINGKLOOF,10,Theft,9,Theft:9; Burglary:1,October,Monday,9,1550900.9,155090.09,0,0.047619047619047616,0.14559178137420398,0.0966
KHAYELITSHA,12,Theft,10,Theft:10; Hijack:1; Armed Robbery:1,December,Friday,4,1337243.67,121567.61,1,0.06666666666666667,0.1250472448252929,0.0959
HONEYDEW,15,Theft,13,Theft:13; Armed Robbery:1; Hijack:1,January,Saturday,13,1041188.23,69412.55,0,0.09523809523809523,0.09657958282488247,0.0959
BOTHASIG,16,Theft,14,Theft:14; Hijack:1; Burglary:1,July,Saturday,0,927801.52,57987.6,0,0.10476190476190476,0.08567671093163653,0.0952
SAFARI TUINE,10,Theft,10,Theft:10,August,Saturday,12,1516463.65,151646.36,0,0.047619047619047616,0.14228041512056028,0.0949
EDGEMEAD,20,Theft,19,Theft:19; Burglary:1,January,Wednesday,15,524714.25,26235.71,0,0.14285714285714285,0.0469172402087605,0.0949
GOODWOOD ESTATE,20,Theft,19,Theft:19; Burglary:1,May,Tuesday,6,522380.83,26119.04,0,0.14285714285714285,0.04669286665269615,0.0948
MOSSEL BAY,18,Theft,18,Theft:18,December,Sunday,0,717796.83,39877.6,0,0.12380952380952381,0.06548338993263386,0.0946
KELVIN,18,Theft,13,Theft:13; Hijack:4; Armed Robbery:1,September,Sunday,17,707721.22,39317.85,0,0.12380952380952381,0.06451455429857844,0.0942
ISIPINGO BEACH,6,Theft,4,Theft:4; Flood:1; Hijack:1,March,Sunday,13,1895767.53,315961.26,0,0.009523809523809525,0.1787529577338095,0.0941
FRESNAYE,10,Theft,10,Theft:10,January,Wednesday,9,1497175.57,149717.56,0,0.047619047619047616,0.14042574039451278,0.094
MEYERSPARK,13,Theft,12,Theft:12; Hijack:1,August,Friday,13,1189573.43,91505.65,0,0.0761904761904762,0.1108477878592615,0.0935
RIVERCLUB,11,Theft,10,Theft:10; Armed Robbery:1,December,Tuesday,12,1376629.07,125148.1,0,0.05714285714285714,0.12883440798281154,0.093
KRAAIFONTEIN,21,Theft,21,Theft:21,February,Saturday,13,378767.32,18036.54,0,0.1523809523809524,0.03288349074197968,0.0926
DAVEYTON,13,Hijack,7,Hijack:7; Theft:6,February,Friday,20,1171359.22,90104.56,0,0.0761904761904762,0.10909637273956468,0.0926
GREENHILLS,16,Theft,16,Theft:16,May,Thursday,0,870588.83,54411.8,0,0.10476190476190476,0.08017533753665936,0.0925
GLENHAZEL,11,Theft,10,Theft:10; Stolen and recovered:1,March,Friday,22,1363822.95,123983.9,0,0.05714285714285714,0.12760301599860513,0.0924
BLOUBERGSTRAND,14,Theft,14,Theft:14,December,Friday,17,1041274.25,74376.73,0,0.08571428571428572,0.09658785420907076,0.0912
FLORA PARK,17,Theft,17,Theft:17,March,Thursday,3,739405.38,43494.43,0,0.11428571428571428,0.06756119298776087,0.0909
MEYERSDAL,11,Theft,10,Theft:10; Stolen and recovered:1,November,Wednesday,14,1325958.57,120541.69,0,0.05714285714285714,0.12396210883711167,0.0906
VINCENT,18,Theft,18,Theft:18,July,Sunday,10,623637.0,34646.5,0,0.12380952380952381,0.056429307986171046,0.0901
AUCKLAND PARK,10,Theft,6,Theft:6; Hijack:2; Stolen and recovered:2,July,Wednesday,14,1406717.14,140671.71,0,0.047619047619047616,0.13172757220571749,0.0897
VALHALLA,12,Theft,12,Theft:12,May,Wednesday,3,1181560.98,98463.42,0,0.06666666666666667,0.11007733851911362,0.0884
KEMPTON PARK,17,Theft,17,Theft:17,May,Saturday,16,683578.25,40210.49,0,0.11428571428571428,0.06219305022607754,0.0882
EDENBURG,12,Theft,12,Theft:12,December,Sunday,19,1171709.69,97642.47,0,0.06666666666666667,0.10913007271650577,0.0879
VANDERBIJLPARK S. W. 5,12,Theft,12,Theft:12,July,Friday,13,1171287.25,97607.27,0,0.06666666666666667,0.10908945235453758,0.0879
DURBAN BEACH,13,Theft,13,Theft:13,May,Wednesday,14,1064260.55,81866.2,0,0.0761904761904762,0.09879813691503973,0.0875
LORRAINE,18,Theft,18,Theft:18,August,Tuesday,16,570145.82,31674.77,0,0.12380952380952381,0.05128578205655761,0.0875
SELBORNE,5,Theft,5,Theft:5,July,Saturday,0,1848845.27,369769.05,0,0.0,0.17424107631735797,0.0871
MOUNT VERNON,7,Theft,7,Theft:7,November,Thursday,21,1644441.18,234920.17,0,0.01904761904761905,0.15458628954626713,0.0868
GALLO MANOR,10,Theft,6,Theft:6; Burglary:2; Armed Robbery:1; Hijack:1,September,Wednesday,15,1324451.76,132445.18,0,0.047619047619047616,0.12381721922529153,0.0857
LYNNWOOD RIDGE,14,Theft,13,Theft:13; Stolen and recovered:1,January,Friday,13,917201.9,65514.42,0,0.08571428571428572,0.08465748831747755,0.0852
PHILIPPI,17,Theft,7,Theft:7; Hijack:6; Armed Robbery:4,August,Saturday,12,609580.88,40638.73,2,0.11428571428571428,0.05507772034705451,0.0847
WILLOWBROOK,6,Theft,5,Theft:5; Armed Robbery:1,December,Sunday,18,1692746.07,338549.21,1,0.009523809523809525,0.1592311198573974,0.0844
WELLINGTON,19,Theft,17,Theft:17; Burglary:2,November,Tuesday,8,400835.93,21096.63,0,0.13333333333333333,0.035005531567505056,0.0842
MULBARTON,14,Theft,14,Theft:14,December,Saturday,3,884404.25,63171.73,0,0.08571428571428572,0.0815037803004664,0.0836
MARLBORO GARDENS,7,Hijack,6,Hijack:6; Armed Robbery:1,February,Wednesday,19,1572383.13,224626.16,0,0.01904761904761905,0.14765743793722838,0.0834
RADIOKOP,14,Theft,14,Theft:14,September,Wednesday,18,874273.01,62448.07,0,0.08571428571428572,0.08052959547898486,0.0831
STELLENBOSCH NU,17,Theft,14,Theft:14; Armed Robbery:1; Windscreen/ Motor glass damage:1; Remote jamming:1,July,Friday,0,570403.57,33553.15,0,0.11428571428571428,0.051310566400600076,0.0828
WENTWORTH,10,Theft,9,Theft:9; Hijack:1,July,Saturday,5,1262323.99,126232.4,0,0.047619047619047616,0.11784322882268572,0.0827
KNYSNA,18,Theft,17,Theft:17; Armed Robbery:1,December,Sunday,7,465089.95,25838.33,0,0.12380952380952381,0.04118397477911303,0.0825
WEST ACRES,18,Theft,17,Theft:17; Burglary:1,May,Thursday,0,458636.86,25479.83,0,0.12380952380952381,0.04056346807611771,0.0822
BIRCHLEIGH,10,Theft,9,Theft:9; Burglary:1,July,Wednesday,11,1240941.98,124094.2,0,0.047619047619047616,0.1157872090664894,0.0817
MAMELODI,8,Hijack,5,Hijack:5; Theft:3,July,Friday,22,1421748.72,177718.59,0,0.02857142857142857,0.13317295668766496,0.0809
OLIVEDALE,12,Theft,12,Theft:12,June,Wednesday,1,1010462.61,84205.22,0,0.06666666666666667,0.0936251140101461,0.0801
PIETERMARITZBURG,16,Theft,15,Theft:15; Hijack:1,October,Friday,15,585603.85,36600.24,0,0.10476190476190476,0.05277217248813422,0.0788
RIVIERA,12,Theft,11,Theft:11; Armed Robbery:1,January,Tuesday,18,979867.08,81655.59,0,0.06666666666666667,0.09068315419760756,0.0787
BANTRY BAY,16,Theft,16,Theft:16,December,Tuesday,15,576897.65,36056.1,0,0.10476190476190476,0.05193501455951122,0.0783
CARLSWALD AH,12,Theft,11,Theft:11; Armed Robbery:1,February,Saturday,17,970963.59,80913.63,0,0.06666666666666667,0.08982702554837876,0.0782
BORDEAUX,12,Theft,12,Theft:12,March,Saturday,3,966389.27,80532.44,0,0.06666666666666667,0.08938717483784389,0.078
BRACKENFELL SOUTH,13,Theft,12,Theft:12; Armed Robbery:1,November,Thursday,0,862303.85,66331.07,0,0.0761904761904762,0.07937868265904534,0.0778
LA MONTAGNE,9,Theft,9,Theft:9,February,Friday,15,1255212.07,139468.01,0,0.0380952380952381,0.11715937131703084,0.0776
WONDERBOOM,11,Theft,10,Theft:10; Hijack:1,December,Monday,14,1034746.59,94067.87,0,0.05714285714285714,0.09596017711408612,0.0766
ROBINDALE,11,Theft,8,Theft:8; Armed Robbery:3,November,Tuesday,13,1030071.43,93642.86,0,0.05714285714285714,0.09551062997967834,0.0763
GRASSY PARK,14,Theft,14,Theft:14,October,Tuesday,9,731348.38,52239.17,0,0.08571428571428572,0.066786459874472,0.0763
EVERTON,11,Theft,11,Theft:11,August,Friday,7,1024347.46,93122.5,0,0.05714285714285714,0.09496023292140948,0.0761
MOUNT EDGECOMBE,10,Theft,9,Theft:9; Attempted Theft:1,February,Monday,12,1123599.42,112359.94,0,0.047619047619047616,0.1045039563880624,0.0761
HIGHLANDS NORTH,13,Theft,13,Theft:13,April,Wednesday,19,816083.83,62775.68,0,0.0761904761904762,0.0749343261999571,0.0756
MELROSE,10,Theft,6,Theft:6; Hijack:3; Armed Robbery:1,August,Wednesday,9,1102327.25,110232.72,0,0.047619047619047616,0.10245849846445435,0.075
WINCHESTER HILLS,9,Theft,7,Theft:7; Hijack:1; Burglary:1,March,Sunday,2,1195678.4,132853.16,0,0.0380952380952381,0.11143482055314696,0.0748
NORTHWOLD,13,Theft,12,Theft:12; Armed Robbery:1,November,Wednesday,15,797447.22,61342.09,0,0.0761904761904762,0.07314229456455304,0.0747
HERMANUS,17,Theft,17,Theft:17,December,Wednesday,2,396350.53,23314.74,0,0.11428571428571428,0.034574231095077866,0.0744
GLENFERNESS AH,8,Theft,8,Theft:8,April,Friday,1,1280442.55,160055.32,0,0.02857142857142857,0.11958544657086882,0.0741
ATTERIDGEVILLE,7,Theft,6,Theft:6; Hijack:1,July,Saturday,14,1370873.44,195839.06,0,0.01904761904761905,0.1282809666089951,0.0737
MTHATHA CENTRAL,9,Theft,8,Theft:8; Armed Robbery:1,December,Tuesday,0,1172917.59,130324.18,0,0.0380952380952381,0.10924622018175856,0.0737
BENDOR,15,Theft,15,Theft:15,May,Wednesday,15,567920.93,37861.4,0,0.09523809523809523,0.05107184436803518,0.0732
KENSINGTON B,11,Theft,11,Theft:11,July,Friday,0,964817.85,87710.71,0,0.05714285714285714,0.08923607255301276,0.0732
VILLIERIA,13,Theft,11,Theft:11; Stolen and recovered:1; Burglary:1,December,Tuesday,16,757333.08,58256.39,0,0.0761904761904762,0.06928505830178704,0.0727
CHATSWORTH,8,Theft,7,Theft:7; Hijack:1,May,Friday,20,1252162.9,156520.36,0,0.02857142857142857,0.11686617372896492,0.0727
WITPOORTJIE,14,Theft,14,Theft:14,November,Monday,8,652964.1,46640.29,0,0.08571428571428572,0.05924929997906345,0.0725
ATLASVILLE,11,Theft,11,Theft:11,April,Wednesday,13,948252.93,86204.81,0,0.05714285714285714,0.08764324742666535,0.0724
KYALAMI AH,17,Theft,16,Theft:16; Armed Robbery:1,April,Friday,0,353148.44,20773.44,0,0.11428571428571428,0.030420068294248016,0.0724
NINAPARK,9,Theft,9,Theft:9,August,Saturday,20,1143110.34,127012.26,0,0.0380952380952381,0.10638005863390207,0.0722
DOUGLASDALE,10,Theft,10,Theft:10,June,Friday,4,1042745.14,104274.51,0,0.047619047619047616,0.0967292898785514,0.0722
VERWOERDPARK,7,Theft,5,Theft:5; Hijack:2,December,Tuesday,4,1335054.72,190722.1,0,0.01904761904761905,0.12483676300224043,0.0719
HALFWAY GARDENS,16,Theft,16,Theft:16,August,Sunday,17,414659.89,25916.24,0,0.10476190476190476,0.03633479550802644,0.0705
SONSTRAAL HEIGHTS,12,Theft,12,Theft:12,July,Thursday,17,787282.23,65606.85,0,0.06666666666666667,0.07216486446038893,0.0694
PARYS,10,Theft,9,Theft:9; Hijack:1,February,Sunday,0,985293.33,98529.33,0,0.047619047619047616,0.09120492353557252,0.0694
TSAKANE,5,Theft,4,Theft:4; Hijack:1,July,Monday,21,1477946.57,369486.64,1,0.0,0.13857674659589894,0.0693
WITBANK EXT,13,Theft,12,Theft:12; Hijack:1,May,Thursday,8,676788.47,52060.65,0,0.0761904761904762,0.06154016858304086,0.0689
PAROW,14,Theft,12,Theft:12; Hijack:1; Armed Robbery:1,November,Friday,11,576976.89,41212.64,0,0.08571428571428572,0.051942634002467285,0.0688
MONTFORD,11,Theft,11,Theft:11,November,Saturday,10,871331.6,79211.96,0,0.05714285714285714,0.08024675971793745,0.0687
PINETOWN,9,Theft,9,Theft:9,February,Tuesday,11,1064583.76,118287.08,0,0.0380952380952381,0.09882921566513854,0.0685
JANSEN PARK,5,Theft,5,Theft:5,November,Friday,17,1456276.96,291255.39,0,0.0,0.13649307222342089,0.0682
NEWTON PARK,13,Theft,12,Theft:12; Burglary:1,January,Wednesday,17,655330.88,50410.07,0,0.0761904761904762,0.059476881316766046,0.0678
VAALPARK,6,Theft,5,Theft:5; Hijack:1,April,Friday,3,1346836.41,224472.74,0,0.009523809523809525,0.12596964935863914,0.0677
MOOINOOI,9,Theft,9,Theft:9,March,Wednesday,15,1049602.63,116622.51,0,0.0380952380952381,0.09738868227982324,0.0677
DALPARK,7,Theft,7,Theft:7,September,Saturday,18,1246914.01,178130.57,0,0.01904761904761905,0.11636145871208385,0.0677
HYDE PARK,10,Theft,9,Theft:9; Armed Robbery:1,May,Friday,8,947311.38,105256.82,1,0.047619047619047616,0.08755271125156082,0.0676
ISIPINGO HILLS,7,Theft,6,Theft:6; Hijack:1,August,Saturday,16,1214975.21,173567.89,0,0.01904761904761905,0.11329033472564837,0.0662
BOSKRUIN,13,Theft,13,Theft:13,February,Friday,1,586409.89,45108.45,0,0.0761904761904762,0.05284967849268125,0.0645
MEREBANK EAST,9,Theft,8,Theft:8; Hijack:1,April,Friday,9,974288.75,108254.31,0,0.0380952380952381,0.09014676137548361,0.0641
MELKBOSSTRAND,12,Theft,11,Theft:11; Burglary:1,December,Saturday,23,673753.29,56146.11,0,0.06666666666666667,0.061248316224744706,0.064
BARBEQUE DOWNS,7,Theft,6,Theft:6; Hijack:1,December,Tuesday,18,1167640.45,166805.78,0,0.01904761904761905,0.1087387887430765,0.0639
UMBILO,10,Theft,10,Theft:10,February,Saturday,12,870433.63,87043.36,0,0.047619047619047616,0.08016041404414571,0.0639
BRAAMPARK,5,Theft,4,Theft:4; Hijack:1,May,Saturday,11,1361824.92,272364.98,0,0.0,0.12741089237910103,0.0637
MEREWENT,7,Theft,4,Theft:4; Hijack:3,December,Saturday,0,1159654.15,165664.88,0,0.01904761904761905,0.10797085389602934,0.0635
BROADACRES AH,8,Theft,6,Theft:6; Hijack:2,September,Wednesday,9,1056063.76,132007.97,0,0.02857142857142857,0.09800996208127095,0.0633
LANGENHOVEN PARK,11,Theft,11,Theft:11,November,Monday,15,754384.61,68580.42,0,0.05714285714285714,0.06900154367568069,0.0631
HONINGKLIP,6,Theft,4,Theft:4; Armed Robbery:1; Hijack:1,January,Saturday,14,1246188.46,249237.69,1,0.009523809523809525,0.1162916923461478,0.0629
WESTRIDGE,10,Theft,10,Theft:10,September,Wednesday,7,844007.56,84400.76,0,0.047619047619047616,0.07761937501186451,0.0626
ROOIHUISKRAAL NORTH,6,Theft,3,Theft:3; Armed Robbery:1; Hijack:1; Attempted Hijack:1,December,Friday,12,1235139.49,247027.9,1,0.009523809523809525,0.11522926179796171,0.0624
MOKOPANE,15,Theft,15,Theft:15,October,Friday,0,345108.67,23007.24,0,0.09523809523809523,0.029646991957866426,0.0624
GLENDINNINGVALE,7,Theft,7,Theft:7,December,Saturday,4,1130347.79,161478.26,0,0.01904761904761905,0.10515285618944323,0.0621
DAN PIENAAR,13,Theft,13,Theft:13,January,Friday,3,529175.84,40705.83,0,0.0761904761904762,0.04734625119435297,0.0618
CROFTDENE,8,Theft,8,Theft:8,September,Tuesday,20,1012287.85,126535.98,0,0.02857142857142857,0.09380062274388067,0.0612
ELANDIA,7,Theft,7,Theft:7,June,Friday,12,1108528.69,158361.24,0,0.01904761904761905,0.10305480737820315,0.0611
ELDORADO PARK,10,Theft,9,Theft:9; Hijack:1,February,Saturday,13,808764.68,80876.47,0,0.047619047619047616,0.07423054217784861,0.0609
LYDENBURG,10,Theft,10,Theft:10,May,Friday,3,806069.44,80606.94,0,0.047619047619047616,0.07397137726829657,0.0608
ELSPARK,14,Theft,13,Theft:13; Burglary:1,October,Wednesday,6,407062.32,29075.88,0,0.08571428571428572,0.03560423958652587,0.0607
SHALLCROSS,10,Theft,9,Theft:9; Hijack:1,February,Saturday,15,804888.42,80488.84,0,0.047619047619047616,0.07385781449040699,0.0607
SOUTH BEACH,10,Theft,10,Theft:10,July,Saturday,16,796801.0,79680.1,0,0.047619047619047616,0.07308015629566021,0.0603
FLORIDA GLEN,9,Theft,9,Theft:9,March,Friday,12,892275.27,99141.7,0,0.0380952380952381,0.08226063022343512,0.0602
KIMBERLEY,13,Theft,12,Theft:12; Hijack:1,October,Thursday,14,494055.27,38004.25,0,0.0761904761904762,0.04396917926477872,0.0601
SANDHURST,11,Theft,10,Theft:10; Hijack:1,October,Thursday,13,686482.23,62407.48,0,0.05714285714285714,0.06247228684843432,0.0598
ATHLONE,11,Theft,11,Theft:11,July,Wednesday,14,681617.45,61965.22,0,0.05714285714285714,0.06200450651395927,0.0596
FONTAINEBLEAU,13,Theft,12,Theft:12; Burglary:1,March,Tuesday,16,482898.33,37146.03,0,0.0761904761904762,0.04289636669670411,0.0595
VICTORY PARK,12,Theft,12,Theft:12,May,Thursday,0,578470.58,48205.88,0,0.06666666666666667,0.05208626204069347,0.0594
MAROELANA,8,Theft,6,Theft:6; Stolen and recovered:2,September,Sunday,20,970525.39,121315.67,0,0.02857142857142857,0.08978488975959346,0.0592
FLORACLIFFE,5,Theft,4,Theft:4; Armed Robbery:1,January,Tuesday,13,1266285.63,253257.13,0,0.0,0.1182241663541403,0.0591
GERMISTON,9,Theft,7,Theft:7; Armed Robbery:1; Hijack:1,October,Saturday,21,867463.08,96384.79,0,0.0380952380952381,0.07987477628199102,0.059
ST FRANCIS BAY,15,Theft,15,Theft:15,February,Friday,11,263658.49,17577.23,0,0.09523809523809523,0.02181502577574665,0.0585
BRAMLEY,11,Theft,8,Theft:8; Hijack:3,November,Sunday,12,657994.77,59817.71,0,0.05714285714285714,0.05973303171929293,0.0584
DAWN PARK,11,Theft,10,Theft:10; Armed Robbery:1,October,Friday,19,656285.03,59662.28,0,0.05714285714285714,0.059568629064072065,0.0584
RANT-EN-DAL,10,Theft,10,Theft:10,August,Monday,13,754424.5,75442.45,0,0.047619047619047616,0.0690053793594202,0.0583
LIEFDE EN VREDE,9,Theft,8,Theft:8; Hijack:1,December,Wednesday,19,852433.42,94714.82,0,0.0380952380952381,0.07842957642056951,0.0583
KEMPTON PARK OTHER,10,Theft,7,Theft:7; Armed Robbery:2; Hijack:1,December,Tuesday,10,750274.3,93784.29,2,0.047619047619047616,0.0686063105538137,0.0581
BASSONIA,8,Theft,8,Theft:8,September,Tuesday,22,944673.71,118084.21,0,0.02857142857142857,0.08729908207309134,0.0579
BREAUNANDA,9,Theft,9,Theft:9,August,Saturday,12,842736.65,93637.41,0,0.0380952380952381,0.07749716872403901,0.0578
ANNLIN,9,Theft,8,Theft:8; Burglary:1,March,Thursday,13,835653.12,92850.35,0,0.0380952380952381,0.07681604110209846,0.0575
BAILEY`S MUCKLENEUK,8,Theft,7,Theft:7; Hijack:1,February,Thursday,3,927523.6,115940.45,0,0.02857142857142857,0.08564998711050642,0.0571
POLOKWANE SCHOOLS,14,Theft,14,Theft:14,May,Friday,14,329424.76,23530.34,0,0.08571428571428572,0.02813888169066493,0.0569
BAYVIEW,8,Theft,8,Theft:8,July,Friday,11,916715.46,114589.43,0,0.02857142857142857,0.08461071393797794,0.0566
KALK BAY,10,Theft,10,Theft:10,August,Saturday,9,716807.59,71680.76,0,0.047619047619047616,0.06538826805290321,0.0565
JUKSKEI PARK,12,Theft,12,Theft:12,June,Monday,14,507659.61,42304.97,0,0.06666666666666667,0.04527732530951501,0.056
DUDUZA,5,Hijack,4,Hijack:4; Theft:1,July,Sunday,20,1199978.61,239995.72,0,0.0,0.11184831379890793,0.0559
ZWARTKOP,9,Theft,9,Theft:9,February,Tuesday,17,801122.4,89013.6,0,0.0380952380952381,0.0734956870981632,0.0558
SHERWOOD,13,Theft,13,Theft:13,March,Thursday,1,405830.53,31217.73,0,0.0761904761904762,0.03548579494191645,0.0558
KAGISO,8,Theft,7,Theft:7; Hijack:1,October,Tuesday,12,897238.06,112154.76,0,0.02857142857142857,0.08273783485882036,0.0557
LYTTELTON AH,8,Theft,8,Theft:8,January,Sunday,11,896168.12,112021.02,0,0.02857142857142857,0.0826349531476087,0.0556
MONTANA PARK,9,Theft,7,Theft:7; Stolen and recovered:2,November,Thursday,19,794959.82,88328.87,0,0.0380952380952381,0.07290311482693423,0.0555
UMDLOTI BEACH,5,Theft,5,Theft:5,April,Friday,23,1177951.45,235590.29,0,0.0,0.10973025866129936,0.0549
RUSTENBURG OOS-EINDE,7,Theft,6,Theft:6; Hijack:1,October,Saturday,7,980944.66,140134.95,0,0.01904761904761905,0.09078677054466203,0.0549
GUGULETU,10,Theft,8,Theft:8; Hijack:1; Armed Robbery:1,February,Thursday,10,684381.22,76042.36,1,0.047619047619047616,0.0622702610300961,0.0549
NOORDHOEK,15,Theft,15,Theft:15,May,Monday,8,172078.52,11471.9,0,0.09523809523809523,0.01300901419910503,0.0541
BRACKENDOWNS,13,Theft,13,Theft:13,December,Sunday,10,367505.5,28269.65,0,0.0761904761904762,0.03180059327767549,0.054
LOEVENSTEIN,13,Theft,13,Theft:13,January,Friday,7,365218.82,28093.76,0,0.0761904761904762,0.03158071407753953,0.0539
PIERRE VAN RYNEVELD,13,Theft,13,Theft:13,May,Friday,2,350472.29,26959.41,0,0.0761904761904762,0.030162739012737774,0.0532
MOORTEN,9,Theft,8,Theft:8; Hijack:1,September,Friday,13,740208.89,82245.43,0,0.0380952380952381,0.06763845571630235,0.0529
RANDFONTEIN,10,Theft,10,Theft:10,November,Friday,0,628460.55,62846.06,0,0.047619047619047616,0.05689312378716454,0.0523
BRONKHORSTSPRUIT,9,Theft,9,Theft:9,December,Saturday,11,713269.67,79252.19,0,0.0380952380952381,0.06504807396376744,0.0516
FRANKLIN ROOSEVELT PARK,10,Theft,6,Theft:6; Burglary:1; Attempted Theft:1; SOS:1; Armed Robbery:1,November,Tuesday,4,609480.14,60948.01,0,0.047619047619047616,0.05506803353883399,0.0513
SPRINGFIELD,11,Theft,10,Theft:10; Hijack:1,December,Wednesday,7,500213.76,45473.98,0,0.05714285714285714,0.044561358255824815,0.0509
MNANDI AH,10,Theft,9,Theft:9; Hijack:1,July,Friday,2,596771.04,59677.1,0,0.047619047619047616,0.053845970660579105,0.0507
AIRPORT AREA,13,Theft,11,Theft:11; Armed Robbery:2,February,Friday,9,297040.5,22849.27,0,0.0761904761904762,0.02502492381908043,0.0506
SEBENZA,5,Theft,5,Theft:5,November,Saturday,9,1084704.68,216940.94,0,0.0,0.10076397339057434,0.0504
OVERPORT,7,Theft,6,Theft:6; Armed Robbery:1,January,Sunday,18,883612.42,126230.35,0,0.01904761904761905,0.0814276406801244,0.0502
LANGEBERG RIDGE,10,Theft,10,Theft:10,September,Saturday,19,585866.98,58586.7,0,0.047619047619047616,0.05279747415427543,0.0502
ESCOMBE,10,Theft,9,Theft:9; Burglary:1,October,Tuesday,9,584911.37,58491.14,0,0.047619047619047616,0.05270558601844448,0.0502
SALT ROCK,12,Theft,9,Theft:9; Attempted Hijack:2; Armed Robbery:1,March,Monday,4,383245.31,31937.11,0,0.06666666666666667,0.03331407869456457,0.05
BAYSWATER,10,Theft,9,Theft:9; Burglary:1,October,Saturday,13,580241.24,58024.12,0,0.047619047619047616,0.05225652255135204,0.0499
HELDERVUE,12,Theft,12,Theft:12,March,Sunday,0,379385.97,31615.5,0,0.06666666666666667,0.03294297797550781,0.0498
VIERLANDEN,11,Theft,9,Theft:9; Burglary:2,February,Monday,2,475988.67,43271.7,0,0.05714285714285714,0.04223195780957892,0.0497
BRACKENFELL CENTRAL,12,Theft,12,Theft:12,July,Monday,0,357506.47,29792.21,0,0.06666666666666667,0.030839121310222484,0.0488
WELGEMOED,10,Theft,10,Theft:10,June,Friday,11,553846.83,55384.68,0,0.047619047619047616,0.0497185278346184,0.0487
KEW,12,Theft,9,Theft:9; Hijack:3,August,Tuesday,18,352079.11,29339.93,0,0.06666666666666667,0.030317245238515957,0.0485
YELLOW WOOD PARK,11,Theft,11,Theft:11,September,Sunday,13,451517.43,41047.04,0,0.05714285714285714,0.039878888434968125,0.0485
DOBSONVILLE,5,Theft,3,Theft:3; Hijack:1; Attempted Hijack:1,April,Sunday,23,1045748.27,209149.65,0,0.0,0.09701806042025565,0.0485
SUIDEROORD,10,Theft,10,Theft:10,September,Saturday,4,545032.83,54503.28,0,0.047619047619047616,0.048871004232715946,0.0482
WALKERVILLE,11,Theft,11,Theft:11,July,Friday,23,437000.76,39727.34,0,0.05714285714285714,0.03848301590875649,0.0478
ALLEN'S NEK,10,Theft,9,Theft:9; Armed Robbery:1,October,Sunday,7,530220.16,53022.02,0,0.047619047619047616,0.047446669375421587,0.0475
HOWICK,11,Theft,11,Theft:11,August,Saturday,23,430745.61,39158.69,0,0.05714285714285714,0.0378815424281075,0.0475
ALBEMARLE,5,Theft,5,Theft:5,June,Monday,13,1021675.63,204335.13,0,0.0,0.0947033190360826,0.0474
NEWCASTLE,10,Theft,10,Theft:10,March,Friday,7,515365.76,51536.58,0,0.047619047619047616,0.046018321906383705,0.0468
EASTLEIGH,9,Theft,8,Theft:8; Hijack:1,March,Friday,13,604085.66,67120.63,0,0.0380952380952381,0.05454931909363422,0.0463
DISCOVERY,10,Theft,10,Theft:10,September,Wednesday,5,497862.39,49786.24,0,0.047619047619047616,0.04433525869015595,0.046
MALANSHOF,9,Theft,9,Theft:9,September,Wednesday,11,593852.79,65983.64,0,0.0380952380952381,0.053565361884625864,0.0458
MODELPARK,7,Theft,7,Theft:7,December,Tuesday,17,791938.8,113134.11,0,0.01904761904761905,0.07261262404501691,0.0458
BROWNS FARMS,10,Hijack,5,Hijack:5; Theft:3; Armed Robbery:1; Stolen and recovered:1,April,Thursday,14,483085.11,48308.51,0,0.047619047619047616,0.0429143268122434,0.0453
LINKSFIELD,6,Theft,5,Theft:5; Hijack:1,January,Wednesday,18,877020.44,146170.07,0,0.009523809523809525,0.08079377879752069,0.0452
ST JAMES,6,Theft,6,Theft:6,March,Wednesday,23,852477.85,142079.64,0,0.009523809523809525,0.07843384865492763,0.044
EERSTERUST,12,Theft,12,Theft:12,October,Sunday,9,253942.36,21161.86,0,0.06666666666666667,0.02088075648891291,0.0438
UITENHAGE,10,Theft,8,Theft:8; Hijack:1; Armed Robbery:1,December,Wednesday,1,450816.16,45081.62,0,0.047619047619047616,0.03981145674943305,0.0437
CLAYVILLE,6,Theft,5,Theft:5; Hijack:1,May,Wednesday,13,828854.04,138142.34,0,0.009523809523809525,0.07616226520338924,0.0428
GROSVENOR,9,Theft,9,Theft:9,December,Monday,13,531615.95,59068.44,0,0.0380952380952381,0.047580883689955215,0.0428
BOSTON,12,Theft,11,Theft:11; Burglary:1,August,Wednesday,20,233895.52,19491.29,0,0.06666666666666667,0.018953122038769695,0.0428
KANONKOP,11,Theft,11,Theft:11,October,Saturday,14,326705.26,29700.48,0,0.05714285714285714,0.027877384023842402,0.0425
EVERSDAL,11,Theft,11,Theft:11,September,Monday,18,319524.93,29047.72,0,0.05714285714285714,0.027186948450385596,0.0422
BENONI AH,9,Theft,9,Theft:9,March,Thursday,2,514902.91,57211.43,0,0.0380952380952381,0.04597381585928357,0.042
PORT ALFRED,7,Theft,6,Theft:6; Burglary:1,April,Friday,4,709092.86,101298.98,0,0.01904761904761905,0.06464644643305921,0.0418
ORLANDO WEST,5,Theft,4,Theft:4; Hijack:1,December,Saturday,19,905087.72,181017.54,0,0.0,0.08349263087843797,0.0417
KRUGERSDORP WEST,7,Theft,7,Theft:7,November,Wednesday,9,704053.82,100579.12,0,0.01904761904761905,0.06416190986272445,0.0416
PROTEA HEIGHTS,12,Theft,11,Theft:11; Burglary:1,April,Thursday,2,207481.48,17290.12,0,0.06666666666666667,0.016413239769471347,0.0415
MEREDALE,8,Theft,6,Theft:6; Hijack:2,December,Wednesday,0,591625.61,73953.2,0,0.02857142857142857,0.053351203997663625,0.041
ASHLEY,9,Theft,9,Theft:9,January,Sunday,0,489965.57,54440.62,0,0.0380952380952381,0.04357592792886988,0.0408
AMALINDA,10,Theft,9,Theft:9; Burglary:1,September,Tuesday,7,389516.76,38951.68,0,0.047619047619047616,0.03391711952655359,0.0408
BENMORE GARDENS,5,Theft,5,Theft:5,June,Wednesday,14,884337.11,176867.42,0,0.0,0.08149732435144987,0.0407
BERGVLIET,11,Theft,11,Theft:11,October,Thursday,1,288519.28,26229.03,0,0.05714285714285714,0.024205552924253648,0.0407
HEUWELOORD,11,Theft,11,Theft:11,February,Tuesday,10,283878.27,25807.12,0,0.05714285714285714,0.023759289535137996,0.0405
NAHOON,10,Theft,8,Theft:8; Armed Robbery:1; Burglary:1,August,Saturday,8,377533.56,41948.17,1,0.047619047619047616,0.03276485666901812,0.0402
LAKESIDE,10,Theft,10,Theft:10,February,Friday,0,378069.2,37806.92,0,0.047619047619047616,0.032816361949494985,0.0402
FLORENTIA,6,Theft,6,Theft:6,December,Sunday,12,772049.93,128674.99,0,0.009523809523809525,0.07070017944095862,0.0401
RASLOUW AH,5,Theft,4,Theft:4; Burglary:1,April,Saturday,20,863715.11,172743.02,0,0.0,0.07951438451500414,0.0398
OAKDENE,8,Theft,5,Theft:5; Attempted Theft:1; Burglary:1; Hijack:1,January,Saturday,14,561039.43,70129.93,0,0.02857142857142857,0.05041014324862382,0.0395
FLAMWOOD,11,Theft,10,Theft:10; Burglary:1,November,Wednesday,8,251702.47,22882.04,0,0.05714285714285714,0.020665376452531553,0.0389
RIDGEWAY,11,Theft,9,Theft:9; Armed Robbery:1; Burglary:1,September,Wednesday,12,244734.36,22248.58,0,0.05714285714285714,0.019995347216582773,0.0386
IMPALA PARK,9,Theft,6,Theft:6; Armed Robbery:1; Hijack:1; Accidental Loss:1,October,Wednesday,12,443256.06,49250.67,0,0.0380952380952381,0.039084503812884065,0.0386
STANDERTON,6,Theft,6,Theft:6,October,Tuesday,2,735676.15,122612.69,0,0.009523809523809525,0.0672026031940324,0.0384
PROTEA GLEN,10,Theft,9,Theft:9; Armed Robbery:1,June,Friday,0,341242.85,34124.28,0,0.047619047619047616,0.029275268144534614,0.0384
ROUXVILLE,9,Theft,9,Theft:9,September,Saturday,16,437320.63,48591.18,0,0.0380952380952381,0.03851377349606538,0.0383
RIDGEWORTH,7,Theft,7,Theft:7,April,Thursday,20,632336.57,90333.8,0,0.01904761904761905,0.057265828397040405,0.0382
HORIZON VIEW,5,Theft,5,Theft:5,February,Sunday,14,820432.01,164086.4,0,0.0,0.07535243207417089,0.0377
GLEN ASHLEY,7,Theft,6,Theft:6; Windscreen/ Motor glass damage:1,August,Thursday,1,623042.5,89006.07,0,0.01904761904761905,0.056372142932695775,0.0377
CHARLO,9,Theft,7,Theft:7; Burglary:2,August,Saturday,0,425267.8,47251.98,0,0.0380952380952381,0.037354815259768796,0.0377
MILL PARK,8,Theft,8,Theft:8,October,Saturday,13,517191.33,64648.92,0,0.02857142857142857,0.046193862371771165,0.0374
KLOOFENDAL,8,Theft,7,Theft:7; Armed Robbery:1,January,Friday,3,516676.0,64584.5,0,0.02857142857142857,0.04614431003029528,0.0374
WATERKLOOF HEIGHTS,6,Theft,6,Theft:6,August,Tuesday,1,706657.19,117776.2,0,0.009523809523809525,0.0644122408724232,0.037
CROSSMOOR,8,Theft,5,Theft:5; Hijack:3,April,Thursday,21,504125.55,63015.69,0,0.02857142857142857,0.044937502384561595,0.0368
ROBIN HILLS,6,Theft,6,Theft:6,August,Wednesday,11,698168.08,116361.35,0,0.009523809523809525,0.06359595756357975,0.0366
DENNEOORD,5,Theft,5,Theft:5,May,Wednesday,4,794592.96,158918.59,0,0.0,0.07286783884456596,0.0364
PETERVALE,8,Theft,7,Theft:7; Burglary:1,July,Monday,22,496485.37,62060.67,0,0.02857142857142857,0.044202849233576445,0.0364
OAKDALE,10,Theft,9,Theft:9; Attempted Theft:1,November,Friday,5,290668.32,29066.83,0,0.047619047619047616,0.024412197140436135,0.036
CARLETONVILLE,10,Theft,9,Theft:9; Hijack:1,November,Sunday,0,291100.65,29110.06,0,0.047619047619047616,0.02445376849042598,0.036
MURRAYFIELD,5,Theft,5,Theft:5,March,Friday,14,786401.61,157280.32,0,0.0,0.07208018710228735,0.036
PARKWOOD,8,Theft,7,Theft:7; Armed Robbery:1,October,Thursday,20,483461.45,60432.68,0,0.02857142857142857,0.04295051435845851,0.0358
SILVER LAKES GOLF ESTATE,9,Theft,9,Theft:9,July,Friday,17,382812.96,42534.77,0,0.0380952380952381,0.03327250542144425,0.0357
CULLINAN,10,Theft,10,Theft:10,June,Sunday,9,284112.36,28411.24,0,0.047619047619047616,0.023781798815824328,0.0357
CAPE TOWN,10,Theft,10,Theft:10,October,Saturday,19,282582.74,28258.27,0,0.047619047619047616,0.023634715873693396,0.0356
RETREAT,10,Theft,10,Theft:10,November,Wednesday,3,280786.96,28078.7,0,0.047619047619047616,0.023462039911153757,0.0355
HAZEL PARK,5,Theft,3,Theft:3; Burglary:1; Armed Robbery:1,September,Saturday,17,773260.8,154652.16,0,0.0,0.07081661249108746,0.0354
BAYSVILLE,8,Theft,8,Theft:8,December,Monday,18,469017.25,58627.16,0,0.02857142857142857,0.04156161029553594,0.0351
HELIKON PARK,6,Theft,4,Theft:4; Armed Robbery:2,November,Wednesday,11,667936.88,111322.81,0,0.009523809523809525,0.06068903045740394,0.0351
NEW GERMANY,8,Theft,8,Theft:8,May,Wednesday,2,467596.02,58449.5,0,0.02857142857142857,0.04142494975903358,0.035
ROBERTSHAM,6,Theft,6,Theft:6,August,Friday,14,664634.78,110772.46,0,0.009523809523809525,0.0603715119997409,0.0349
MBOMBELA CENTRAL,11,Theft,11,Theft:11,April,Friday,10,166411.83,15128.35,0,0.05714285714285714,0.012464124986526786,0.0348
RIETFONTEIN,8,Theft,7,Theft:7; Burglary:1,June,Wednesday,20,464444.36,58055.54,0,0.02857142857142857,0.041121897088830274,0.0348
RAVENSWOOD,7,Theft,7,Theft:7,June,Thursday,3,560188.27,80026.9,0,0.01904761904761905,0.050328298661717154,0.0347
WITFIELD,10,Theft,9,Theft:9; Burglary:1,April,Sunday,2,263941.79,26394.18,0,0.047619047619047616,0.021842266918975485,0.0347
SHARONLEA,6,Theft,6,Theft:6,July,Wednesday,1,656333.71,109388.95,0,0.009523809523809525,0.05957330996365688,0.0345
PAROW NORTH,10,Theft,8,Theft:8; Burglary:1; Armed Robbery:1,May,Wednesday,20,256589.95,25659.0,0,0.047619047619047616,0.02113533954009977,0.0344
LEPHALALE,10,Theft,10,Theft:10,February,Friday,3,257212.47,25721.25,0,0.047619047619047616,0.0211951988993755,0.0344
BERARIO,9,Theft,8,Theft:8; Armed Robbery:1,December,Monday,14,354032.9,39336.99,0,0.0380952380952381,0.030505114893401485,0.0343
SIR LOWRYS PASS,9,Theft,9,Theft:9,May,Monday,0,354472.42,39385.82,0,0.0380952380952381,0.03054737760879837,0.0343
REDFERN,8,Theft,8,Theft:8,December,Friday,19,452585.71,56573.21,0,0.02857142857142857,0.03998161052635006,0.0343
FYNNLANDS,9,Theft,8,Theft:8; Burglary:1,August,Monday,13,349205.5,38800.61,0,0.0380952380952381,0.03004092888979087,0.0341
MARIANNHILL,5,Hijack,3,Hijack:3; Theft:2,February,Friday,10,746527.52,149305.5,0,0.0,0.06824603321309029,0.0341
BEREA WEST,9,Theft,7,Theft:7; Burglary:1; Armed Robbery:1,February,Wednesday,0,348653.36,38739.26,0,0.0380952380952381,0.029987837026669198,0.034
HARTSWATER,10,Theft,10,Theft:10,January,Sunday,12,247502.1,24750.21,0,0.047619047619047616,0.02026148347411959,0.0339
LINDHAVEN,10,Theft,8,Theft:8; Stolen and recovered:1; Attempted Theft:1,September,Wednesday,18,242423.17,24242.32,0,0.047619047619047616,0.01977311122004534,0.0337
SANDTON,6,Theft,6,Theft:6,January,Thursday,19,635997.69,105999.62,0,0.009523809523809525,0.05761786896992413,0.0336
VALMARY PARK,6,Theft,5,Theft:5; Burglary:1,October,Sunday,18,631494.03,105249.0,0,0.009523809523809525,0.05718481267937001,0.0334
NORTHDALE,8,Theft,7,Theft:7; Armed Robbery:1,May,Sunday,10,432871.61,54108.95,0,0.02857142857142857,0.038085971197978685,0.0333
KILNER PARK,7,Theft,7,Theft:7,December,Sunday,13,531286.44,75898.06,0,0.01904761904761905,0.047549199153755654,0.0333
BEDFORD GARDENS,5,Theft,5,Theft:5,November,Friday,13,730248.78,146049.76,0,0.0,0.06668072616076064,0.0333
IFAFI,7,Theft,7,Theft:7,September,Friday,23,530171.5,75738.79,0,0.01904761904761905,0.047441990398967245,0.0332
HUMEWOOD,11,Theft,8,Theft:8; Attempted Theft:1; Burglary:1; Windscreen/ Motor glass damage:1,April,Friday,4,133458.93,12132.63,0,0.05714285714285714,0.009295488669175803,0.0332
KING WILLIAM'S TOWN,10,Theft,8,Theft:8; Armed Robbery:2,September,Friday,1,229160.91,25462.32,1,0.047619047619047616,0.018497858399014376,0.0331
ERASMUSRAND,7,Theft,7,Theft:7,September,Wednesday,0,524946.6,74992.37,0,0.01904761904761905,0.0469395821770952,0.033
SOUTHERNWOOD,9,Theft,8,Theft:8; Glass Damage:1,August,Thursday,14,315201.79,35022.42,0,0.0380952380952381,0.026771250335530978,0.0324
BELA-BELA,11,Theft,11,Theft:11,February,Monday,2,114520.71,10410.97,0,0.05714285714285714,0.007474455264589782,0.0323
NATURENA,7,Theft,6,Theft:6; Hijack:1,April,Thursday,8,503641.79,71948.83,0,0.01904761904761905,0.044890985704546124,0.032
ORMONDE,5,Theft,5,Theft:5,April,Thursday,16,700277.9,140055.58,0,0.0,0.06379883052089379,0.0319
PARKDENE,8,Theft,8,Theft:8,December,Thursday,7,403067.85,50383.48,0,0.02857142857142857,0.03522014523639071,0.0319
BELLAIR,8,Theft,8,Theft:8,June,Tuesday,17,400592.52,50074.06,0,0.02857142857142857,0.03498212610801571,0.0318
SOUTHERN PAARL,9,Theft,8,Theft:8; Windscreen/ Motor glass damage:1,May,Friday,10,301668.42,33518.71,0,0.0380952380952381,0.02546992851929786,0.0318
FREEWAY PARK,9,Theft,8,Theft:8; Burglary:1,May,Tuesday,4,299510.76,33278.97,0,0.0380952380952381,0.025262455433879113,0.0317
BLOEMFONTEIN CENTRAL,11,Theft,11,Theft:11,October,Monday,11,98086.28,8916.93,0,0.05714285714285714,0.005894177603049749,0.0315
UNIVERSITAS,8,Theft,6,Theft:6; Burglary:1; Attempted Theft:1,December,Sunday,0,385860.49,48232.56,0,0.02857142857142857,0.03356554531281091,0.0311
OTTERY,10,Theft,10,Theft:10,August,Saturday,13,180222.41,18022.24,0,0.047619047619047616,0.013792102352758018,0.0307
JEFFREY'S BAY,8,Theft,8,Theft:8,January,Saturday,18,375843.37,46980.42,0,0.02857142857142857,0.03260233387384005,0.0306
CASTLE HILL,6,Theft,3,Theft:3; Burglary:1; Hijack:1; Stolen and recovered:1,May,Sunday,13,570077.6,95012.93,0,0.009523809523809525,0.05127922225849523,0.0304
BLACKHEATH,5,Theft,4,Theft:4; Windscreen/ Motor glass damage:1,April,Wednesday,8,665989.6,133197.92,0,0.0,0.06050178678148919,0.0303
DURBANVILLE HILLS,7,Theft,7,Theft:7,March,Saturday,9,466500.91,66642.99,0,0.01904761904761905,0.04131964778811465,0.0302
FLAMINGO VLEI,8,Theft,7,Theft:7; Burglary:1,December,Saturday,13,363983.38,45497.92,0,0.02857142857142857,0.03146191846161778,0.03
DELMAS,9,Theft,7,Theft:7; Hijack:1; Armed Robbery:1,April,Tuesday,0,262953.79,29217.09,0,0.0380952380952381,0.0217472642733345,0.0299
ZONNEBLOEM,10,Theft,10,Theft:10,December,Friday,5,162672.08,16267.21,0,0.047619047619047616,0.012104523626166595,0.0299
CENTURY CITY,9,Theft,9,Theft:9,November,Saturday,17,260783.44,28975.94,0,0.0380952380952381,0.021538570961627104,0.0298
ERASMUS,6,Theft,5,Theft:5; Hijack:1,September,Tuesday,3,557042.46,92840.41,0,0.009523809523809525,0.050025808507178825,0.0298
STRANDFONTEIN,8,Theft,8,Theft:8,October,Tuesday,7,357966.24,44745.78,0,0.02857142857142857,0.03088333119522892,0.0297
KENRIDGE,7,Theft,7,Theft:7,September,Saturday,13,439561.02,62794.43,0,0.01904761904761905,0.038729201610708704,0.0289
NAHOON VALLEY PARK,8,Theft,8,Theft:8,February,Thursday,11,336674.07,42084.26,0,0.02857142857142857,0.028835950141142295,0.0287
PROTEA VALLEY,6,Theft,6,Theft:6,April,Sunday,2,532290.0,88715.0,0,0.009523809523809525,0.04764569799490897,0.0286
MAGALIESBURG,6,Theft,5,Theft:5; Armed Robbery:1,March,Saturday,21,532996.79,88832.8,0,0.009523809523809525,0.04771366046445613,0.0286
LA LUCIA,9,Theft,9,Theft:9,June,Tuesday,17,233368.31,25929.81,0,0.0380952380952381,0.01890242735778955,0.0285
BAKOVEN,8,Theft,8,Theft:8,January,Monday,11,329836.39,41229.55,0,0.02857142857142857,0.028178462600609463,0.0284
TONGAAT,9,Theft,6,Theft:6; Hijack:1; Armed Robbery:1; Burglary:1,February,Saturday,8,229182.18,28647.77,1,0.0380952380952381,0.018499903648278325,0.0283
LAMBTON,8,Theft,6,Theft:6; Armed Robbery:1; Burglary:1,June,Saturday,0,322286.29,40285.79,0,0.02857142857142857,0.027452471229299752,0.028
VEREENIGING,7,Theft,5,Theft:5; Hijack:1; Burglary:1,March,Wednesday,12,418590.07,59798.58,0,0.01904761904761905,0.03671270795523827,0.0279
HALFWAY HOUSE,9,Theft,6,Theft:6; Hijack:3,March,Sunday,6,220237.23,27529.65,1,0.0380952380952381,0.01763978834956748,0.0279
WOODLANDS,8,Theft,7,Theft:7; Armed Robbery:1,December,Wednesday,14,312788.39,39098.55,0,0.02857142857142857,0.026539186180682853,0.0276
REMBRANDTPARK,7,Theft,6,Theft:6; Armed Robbery:1,May,Wednesday,10,405859.57,57979.94,0,0.01904761904761905,0.03548858732737132,0.0273
TERENURE,8,Theft,8,Theft:8,January,Monday,2,305964.25,38245.53,0,0.02857142857142857,0.025883000599484004,0.0272
KRAMERVILLE,5,Theft,4,Theft:4; Hijack:1,December,Monday,8,599523.32,119904.66,0,0.0,0.054110620338255984,0.0271
NYANGA,7,Theft,6,Theft:6; Hijack:1,March,Friday,19,401847.8,57406.83,0,0.01904761904761905,0.0351028294693722,0.0271
ONRUS RIVER,9,Theft,9,Theft:9,May,Friday,13,200039.62,22226.62,0,0.0380952380952381,0.01569765638031162,0.0269
RANGEVIEW,8,Theft,8,Theft:8,November,Tuesday,14,295167.87,36895.98,0,0.02857142857142857,0.02484485822767691,0.0267
LEVALLIA,9,Theft,9,Theft:9,August,Monday,12,190992.46,21221.38,0,0.0380952380952381,0.014827712923290078,0.0265
HEUWELSIG,8,Theft,8,Theft:8,February,Thursday,0,289035.77,36129.47,0,0.02857142857142857,0.02425521680729728,0.0264
MAKHADO,7,Theft,7,Theft:7,December,Tuesday,23,385320.12,55045.73,0,0.01904761904761905,0.03351358521197587,0.0263
DEVIL`S PEAK ESTATE,8,Theft,8,Theft:8,April,Friday,3,287681.81,35960.23,0,0.02857142857142857,0.02412502472015956,0.0263
BOKSBURG NORTH,9,Theft,7,Theft:7; Armed Robbery:2,September,Friday,13,184139.49,23017.44,1,0.0380952380952381,0.014168755149506381,0.0261
RISIVILLE,7,Theft,7,Theft:7,January,Sunday,0,382488.32,54641.19,0,0.01904761904761905,0.03324128916751622,0.0261
PAREL VALLEI,7,Theft,7,Theft:7,September,Sunday,9,376910.95,53844.42,0,0.01904761904761905,0.032704988655655236,0.0259
UPINGTON,8,Theft,8,Theft:8,October,Thursday,9,274762.67,34345.33,0,0.02857142857142857,0.02288276512561881,0.0257
CARLSWALD NORTH ESTATE,6,Theft,5,Theft:5; Hijack:1,August,Thursday,1,471216.49,78536.08,0,0.009523809523809525,0.04177308156921962,0.0256
NORTHERN PAARL,6,Theft,6,Theft:6,March,Saturday,4,456012.96,76002.16,0,0.009523809523809525,0.04031116297298271,0.0249
PHOENIX INDUSTRIAL,7,Theft,7,Theft:7,May,Wednesday,3,349548.01,49935.43,0,0.01904761904761905,0.030073863460801493,0.0246
THERESAPARK,8,Theft,8,Theft:8,October,Friday,10,250241.63,31280.2,0,0.02857142857142857,0.020524907156116396,0.0245
MALMESBURY,9,Theft,8,Theft:8; Burglary:1,September,Friday,2,149438.01,16604.22,0,0.0380952380952381,0.010831981457545166,0.0245
MILNERTON RIDGE,6,Theft,4,Theft:4; Armed Robbery:2,May,Friday,4,444341.73,74056.96,0,0.009523809523809525,0.03918889806621711,0.0244
DEL JUDOR,5,Theft,5,Theft:5,April,Friday,23,540472.6,108094.52,0,0.0,0.04843250836760321,0.0242
KWADUKUZA,8,Theft,8,Theft:8,January,Tuesday,14,240544.85,30068.11,0,0.02857142857142857,0.01959249849802067,0.0241
VAN RIEBEECKPARK,8,Theft,7,Theft:7; Armed Robbery:1,November,Friday,3,239886.51,34269.5,1,0.02857142857142857,0.01952919481205783,0.0241
SHERE,5,Theft,4,Theft:4; Armed Robbery:1,August,Wednesday,12,533307.11,106661.42,0,0.0,0.047743499756961495,0.0239
PHALABORWA,8,Theft,8,Theft:8,June,Friday,2,237586.65,29698.33,0,0.02857142857142857,0.019308048268936503,0.0239
CENTURION RURAL,5,Theft,5,Theft:5,December,Wednesday,12,525150.41,105030.08,0,0.0,0.046959179838237,0.0235
NORTHGATE,9,Theft,8,Theft:8; Attempted Hijack:1,February,Wednesday,14,124669.44,13852.16,0,0.0380952380952381,0.008450321863674821,0.0233
HELENA HEIGHTS,5,Theft,5,Theft:5,July,Thursday,19,521579.44,104315.89,0,0.0,0.04661580777598539,0.0233
FRANSCHHOEK,8,Theft,8,Theft:8,June,Saturday,0,221905.93,27738.24,0,0.02857142857142857,0.017800244741046335,0.0232
MOUNT CROIX,8,Theft,8,Theft:8,October,Wednesday,16,223097.6,27887.2,0,0.02857142857142857,0.01791483158591576,0.0232
PIET RETIEF,5,Theft,5,Theft:5,April,Wednesday,1,516953.91,103390.78,0,0.0,0.046171032889860145,0.0231
ELANDSPARK,8,Theft,8,Theft:8,May,Friday,2,216156.53,27019.57,0,0.02857142857142857,0.017247402422373995,0.0229
SUNNYRIDGE,7,Theft,7,Theft:7,December,Monday,14,311939.22,44562.75,0,0.01904761904761905,0.026457532945258804,0.0228
HORISON,5,Theft,5,Theft:5,December,Saturday,3,508327.95,101665.59,0,0.0,0.045341590560717134,0.0227
WORCESTER,8,Theft,8,Theft:8,December,Wednesday,6,211573.84,26446.73,0,0.02857142857142857,0.016806746881733833,0.0227
PARADYSKLOOF,7,Theft,7,Theft:7,December,Saturday,2,307824.27,43974.9,0,0.01904761904761905,0.026061853657120788,0.0226
WAPADRAND,6,Theft,6,Theft:6,December,Sunday,15,408280.43,68046.74,0,0.009523809523809525,0.03572136880988795,0.0226
LAUDIUM,7,Theft,6,Theft:6; Armed Robbery:1,January,Friday,16,304227.42,43461.06,0,0.01904761904761905,0.025715993064029923,0.0224
EVERTON H C,7,Theft,6,Theft:6; Hijack:1,April,Thursday,4,304927.53,43561.08,0,0.01904761904761905,0.025783313207997243,0.0224
SELECTION PARK,5,Theft,3,Theft:3; Armed Robbery:2,July,Tuesday,20,503705.82,100741.16,0,0.0,0.044897142606773244,0.0224
BLUE HILLS,7,Theft,7,Theft:7,June,Wednesday,1,303175.41,43310.77,0,0.01904761904761905,0.0256148354392923,0.0223
UVONGO,6,Theft,6,Theft:6,August,Thursday,4,401842.59,66973.76,0,0.009523809523809525,0.03510232849388254,0.0223
STRATHAVON,5,Theft,5,Theft:5,June,Tuesday,15,500910.28,100182.06,0,0.0,0.044628333197871226,0.0223
KYALAMI GARDENS,8,Theft,6,Theft:6; Hijack:1; Armed Robbery:1,November,Monday,18,201136.06,28733.72,1,0.02857142857142857,0.01580308623940737,0.0222
NEWLANDS EAST,8,Theft,7,Theft:7; Burglary:1,June,Saturday,2,201377.39,25172.17,0,0.02857142857142857,0.015826291693326944,0.0222
NORKEM PARK,6,Theft,5,Theft:5; Stolen and recovered:1,October,Friday,16,393309.55,65551.59,0,0.009523809523809525,0.03428182102894292,0.0219
GEZINA,6,Theft,6,Theft:6,April,Wednesday,21,391641.1,65273.52,0,0.009523809523809525,0.034121388676595046,0.0218
AERORAND,8,Theft,7,Theft:7; Burglary:1,October,Friday,15,189718.19,23714.77,0,0.02857142857142857,0.014705183549544193,0.0216
MOSELEY PARK,5,Theft,5,Theft:5,January,Saturday,4,475083.65,95016.73,0,0.0,0.0421449342322935,0.0211
VERMONT,5,Theft,5,Theft:5,July,Saturday,5,476018.44,95203.69,0,0.0,0.04223482038929626,0.0211
WONDERBOOM SOUTH,5,Theft,5,Theft:5,November,Monday,11,472778.2,94555.64,0,0.0,0.04192325017420341,0.021
THEESCOMBE AH,8,Theft,8,Theft:8,June,Friday,0,174633.12,21829.14,0,0.02857142857142857,0.013254655655131809,0.0209
KAMMA HEIGHTS,5,Theft,3,Theft:3; Burglary:1; Armed Robbery:1,August,Saturday,4,470370.49,94074.1,0,0.0,0.04169173314997643,0.0208
MONTE VISTA,7,Theft,5,Theft:5; Collision:1; Burglary:1,December,Friday,3,268425.82,38346.55,0,0.01904761904761905,0.0222734356569649,0.0207
NELLMAPIUS,5,Hijack,2,Hijack:2; Theft:2; Armed Robbery:1,February,Monday,13,454801.22,90960.24,0,0.0,0.04019464626667805,0.0201
RUSTENBURG NORTH,7,Theft,7,Theft:7,October,Friday,14,257187.09,36741.01,0,0.01904761904761905,0.021192758446798205,0.0201
WATERFALL COUNTRY LIFESTYLE ESTATE,7,Theft,7,Theft:7,April,Monday,12,254792.22,36398.89,0,0.01904761904761905,0.020962476072338466,0.02
KATHU,8,Theft,8,Theft:8,February,Friday,10,151905.64,18988.21,0,0.02857142857142857,0.011069260180685917,0.0198
NORTHOME CONTENTSROFT,7,Theft,7,Theft:7,May,Wednesday,12,251295.03,35899.29,0,0.01904761904761905,0.02062619843842228,0.0198
THE DE DEUR ESTATES,5,Theft,5,Theft:5,January,Thursday,10,446918.95,89383.79,0,0.0,0.03943671458281514,0.0197
BETTY'S BAY,6,Theft,5,Theft:5; Burglary:1,December,Saturday,15,337576.65,56262.78,0,0.009523809523809525,0.02892273909650934,0.0192
RUGBY,5,Theft,4,Theft:4; Hijack:1,January,Saturday,7,433775.84,86755.17,0,0.0,0.03817291881161022,0.0191
SILVERFIELDS,5,Theft,5,Theft:5,September,Sunday,14,433973.34,86794.67,0,0.0,0.03819190972508602,0.0191
DIEP RIVER,7,Theft,7,Theft:7,July,Wednesday,15,236708.45,33815.49,0,0.01904761904761905,0.019223603609622827,0.0191
MAYVILLE,5,Theft,5,Theft:5,July,Tuesday,17,434203.58,86840.72,0,0.0,0.03821404880315523,0.0191
ELSIES RIVER INDUSTRIAL,5,Theft,3,Theft:3; Hijack:2,May,Friday,12,430832.55,86166.51,0,0.0,0.037889902276297814,0.0189
BROEDERSTROOM,6,Theft,4,Theft:4; Hijack:1; Armed Robbery:1,October,Friday,10,329500.94,54916.82,0,0.009523809523809525,0.02814620689465777,0.0188
BRIGHTON BEACH,6,Theft,6,Theft:6,March,Sunday,3,328590.28,54765.05,0,0.009523809523809525,0.028058640994577392,0.0188
WILKOPPIES,7,Theft,7,Theft:7,November,Saturday,22,227495.04,32499.29,0,0.01904761904761905,0.018337674130498235,0.0187
STEENBERG,8,Theft,8,Theft:8,December,Sunday,1,120889.22,15111.15,0,0.02857142857142857,0.00808682904879126,0.0183
GEORGE SOUTH,7,Theft,6,Theft:6; Burglary:1,September,Wednesday,21,216265.46,30895.07,0,0.01904761904761905,0.017257876752525485,0.0182
PELLISSIER,6,Theft,6,Theft:6,September,Friday,8,314718.52,52453.09,0,0.009523809523809525,0.02672478077221224,0.0181
DERDEPOORTPARK,5,Theft,4,Theft:4; Burglary:1,May,Wednesday,1,408847.0,81769.4,0,0.0,0.03577584821164991,0.0179
SONLAND PARK,5,Theft,5,Theft:5,September,Thursday,6,406692.45,81338.49,0,0.0,0.03556867417302058,0.0178
BARDENE,6,Theft,5,Theft:5; Stolen and recovered:1,December,Thursday,23,303062.68,50510.45,0,0.009523809523809525,0.025603995714349882,0.0176
SCOTTSVILLE,5,Theft,5,Theft:5,January,Thursday,19,396252.25,79250.45,0,0.0,0.03456478083190621,0.0173
JAMESTOWN,6,Theft,6,Theft:6,April,Tuesday,3,296867.19,49477.86,0,0.009523809523809525,0.025008258931918447,0.0173
MOSSEL BAY CENTRAL,7,Theft,7,Theft:7,October,Thursday,3,193602.92,27657.56,0,0.01904761904761905,0.015078725682743483,0.0171
MEER EN SEE,6,Theft,6,Theft:6,November,Thursday,17,293179.13,48863.19,0,0.009523809523809525,0.0246536279022801,0.0171
CAPITAL PARK,7,Theft,7,Theft:7,March,Friday,12,193339.5,27619.93,0,0.01904761904761905,0.015053396131210336,0.0171
BEZUIDENHOUT VALLEY,6,Theft,6,Theft:6,November,Monday,19,291248.44,48541.41,0,0.009523809523809525,0.024467979463097315,0.017
VANDERBIJLPARK C. C.,7,Theft,7,Theft:7,March,Sunday,0,189205.65,27029.38,0,0.01904761904761905,0.014655899484770073,0.0169
FLORIDA HILLS,6,Theft,5,Theft:5; Burglary:1,April,Saturday,0,287095.09,47849.18,0,0.009523809523809525,0.024068607764440454,0.0168
VANDERBIJLPARK N. E. 3,6,Theft,6,Theft:6,May,Tuesday,5,282721.57,47120.26,0,0.009523809523809525,0.023648065283910336,0.0166
BLOUBOSRAND,5,Theft,5,Theft:5,August,Sunday,12,381879.11,76375.82,0,0.0,0.033182709651573966,0.0166
MARLOTH PARK,8,Theft,8,Theft:8,March,Tuesday,0,83414.66,10426.83,0,0.02857142857142857,0.004483405623455448,0.0165
MINDALORE,5,Theft,5,Theft:5,July,Monday,14,376912.72,75382.54,0,0.0,0.03270515885270259,0.0164
CHARTWELL,8,Theft,8,Theft:8,December,Sunday,0,78467.73,9808.47,0,0.02857142857142857,0.0040077260305397076,0.0163
CLIFTON,7,Theft,7,Theft:7,November,Sunday,17,173511.64,24787.38,0,0.01904761904761905,0.013146818036676902,0.0161
ILLIONDALE,5,Theft,5,Theft:5,February,Sunday,0,370861.6,74172.32,0,0.0,0.03212330418763065,0.0161
DIE BOORD,6,Theft,4,Theft:4; Burglary:1; Attempted Theft:1,September,Sunday,17,272719.3,45453.22,0,0.009523809523809525,0.02268628176931981,0.0161
SWELLENDAM,7,Theft,7,Theft:7,February,Sunday,11,171854.94,24550.71,0,0.01904761904761905,0.012987515523485182,0.016
STRUBENVALE,7,Theft,7,Theft:7,September,Wednesday,0,171372.44,24481.78,0,0.01904761904761905,0.012941120000689863,0.016
ORANJEVILLE,5,Theft,5,Theft:5,June,Monday,12,369764.63,73952.93,0,0.0,0.03201782336557722,0.016
HONEYDEW RIDGE,6,Theft,5,Theft:5; Malicious Damage:1,October,Friday,16,265277.77,44212.96,0,0.009523809523809525,0.02197073011181298,0.0157
CENTURION GOLF ESTATE,7,Theft,6,Theft:6; Hijack:1,December,Tuesday,10,165253.47,23607.64,0,0.01904761904761905,0.012352741115469409,0.0157
SOUTHDALE,5,Theft,5,Theft:5,November,Wednesday,12,360494.01,72098.8,0,0.0,0.031126392771718706,0.0156
LANSDOWNE,7,Theft,7,Theft:7,May,Thursday,12,162483.41,23211.92,0,0.01904761904761905,0.012086381774797077,0.0156
NORTHPINE,6,Theft,6,Theft:6,September,Thursday,4,256783.38,42797.23,0,0.009523809523809525,0.021153939096523185,0.0153
SEA COW LAKE,5,Theft,4,Theft:4; Hijack:1,April,Sunday,16,349072.78,69814.56,0,0.0,0.030028166995935135,0.015
KLERKSDORP INDUSTRIAL,5,Theft,5,Theft:5,December,Monday,6,349285.54,69857.11,0,0.0,0.030048625257966075,0.015
GEELHOUTPARK,5,Theft,5,Theft:5,December,Wednesday,1,348333.7,69666.74,0,0.0,0.029957099632230335,0.015
ERMELO,6,Theft,6,Theft:6,March,Friday,11,247730.0,41288.33,0,0.009523809523809525,0.02028339754592281,0.0149
ROWALLAN PARK,7,Theft,7,Theft:7,June,Friday,20,147785.79,21112.26,0,0.01904761904761905,0.010673109725580646,0.0149
PYRAMID,6,Theft,6,Theft:6,September,Tuesday,6,246198.66,41033.11,0,0.009523809523809525,0.02013614921457072,0.0148
CAPE FARMS,5,Theft,5,Theft:5,April,Wednesday,14,340118.24,68023.65,0,0.0,0.029167129556159813,0.0146
BOKSBURG SOUTH,7,Theft,4,Theft:4; Accidental Loss:1; Hijack:1; Armed Robbery:1,October,Tuesday,17,140071.75,23345.29,1,0.01904761904761905,0.009931354453738162,0.0145
DANA BAY,7,Theft,7,Theft:7,October,Wednesday,5,138796.24,19828.03,0,0.01904761904761905,0.009808705845902602,0.0144
MITCHELLS PLAIN CENTRE,7,Theft,7,Theft:7,September,Monday,18,134567.73,19223.96,0,0.01904761904761905,0.009402107022907304,0.0142
ONTDEKKERSPARK,5,Theft,5,Theft:5,January,Friday,15,331380.89,66276.18,0,0.0,0.028326976351816444,0.0142
BOOYSENS,5,Theft,5,Theft:5,October,Wednesday,13,329032.65,65806.53,0,0.0,0.028101177756067474,0.0141
CRESTA,7,Theft,7,Theft:7,May,Thursday,16,130772.95,18681.85,0,0.01904761904761905,0.00903721416903535,0.014
TYGER VALLEY,7,Theft,7,Theft:7,May,Wednesday,20,129807.66,18543.95,0,0.01904761904761905,0.008944395238052773,0.014
SUNNYDALE,5,Theft,5,Theft:5,December,Sunday,5,325043.57,65008.71,0,0.0,0.027717601689596284,0.0139
BERGSIG,7,Theft,7,Theft:7,December,Friday,4,128095.57,18299.37,0,0.01904761904761905,0.008779766615000675,0.0139
EERSTE RIVER,7,Theft,7,Theft:7,August,Tuesday,11,124225.67,17746.52,0,0.01904761904761905,0.00840765048305124,0.0137
SANDTON COUNTRY CLUB ESTATE,7,Theft,7,Theft:7,July,Thursday,9,122140.27,17448.61,0,0.01904761904761905,0.008207125668051537,0.0136
WEST BEACH,5,Theft,5,Theft:5,October,Monday,15,308957.54,61791.51,0,0.0,0.026170824960992805,0.0131
LENTEGEUR,5,Theft,4,Theft:4; Hijack:1,August,Monday,10,307303.6,61460.72,0,0.0,0.026011787839807128,0.013
STRUIS BAY,7,Theft,7,Theft:7,December,Tuesday,21,107166.63,15309.52,0,0.01904761904761905,0.006767312495100463,0.0129
LOTUS PARK,7,Theft,6,Theft:6; Hijack:1,May,Tuesday,4,107119.27,15302.75,0,0.01904761904761905,0.006762758522127229,0.0129
GROBLERSDAL,7,Theft,7,Theft:7,September,Saturday,12,102733.72,14676.25,0,0.01904761904761905,0.006341059278614255,0.0127
MAMELODI EAST OPEN AREA,6,Theft,6,Theft:6,October,Wednesday,12,200583.8,33430.63,0,0.009523809523809525,0.015749982837502823,0.0126
SOUTHRIDGE,7,Theft,6,Theft:6; Burglary:1,May,Thursday,13,98088.91,14012.7,0,0.01904761904761905,0.00589443049470768,0.0125
BONNIE DOON,7,Theft,7,Theft:7,October,Thursday,10,93511.9,13358.84,0,0.01904761904761905,0.00545432112312343,0.0123
RICHMOND,7,Theft,7,Theft:7,March,Wednesday,10,95203.81,13600.54,0,0.01904761904761905,0.005617009307522658,0.0123
NORTHDENE,6,Theft,5,Theft:5; Malicious Damage:1,July,Tuesday,19,188632.41,31438.73,0,0.009523809523809525,0.014600778718993518,0.0121
VIRGINIA,6,Theft,6,Theft:6,July,Monday,8,189261.29,31543.55,0,0.009523809523809525,0.014661249633761435,0.0121
HEATHER PARK,6,Theft,6,Theft:6,November,Sunday,9,185963.85,30993.98,0,0.009523809523809525,0.01434417926549989,0.0119
CERES,7,Theft,6,Theft:6; Hijack:1,August,Monday,0,83412.65,11916.09,0,0.01904761904761905,0.004483212348842352,0.0118
GREYTON,6,Theft,6,Theft:6,January,Saturday,3,183299.83,30549.97,0,0.009523809523809525,0.014088016362624895,0.0118
SONEIKE,7,Theft,6,Theft:6; Armed Robbery:1,March,Friday,3,82962.54,13827.09,1,0.01904761904761905,0.0044399313358570655,0.0117
IVYPARK,5,Theft,5,Theft:5,February,Monday,0,277894.01,55578.8,0,0.0,0.023183863895255896,0.0116
OR TAMBO INTERNATIONAL AIRPORT,7,Theft,7,Theft:7,February,Friday,12,80269.58,11467.08,0,0.01904761904761905,0.004180985663179593,0.0116
RAISETHORPE,5,Theft,5,Theft:5,December,Monday,13,277060.29,55412.06,0,0.0,0.02310369627812654,0.0116
WALMER ESTATE,6,Theft,6,Theft:6,August,Sunday,7,174144.55,29024.09,0,0.009523809523809525,0.013207676462236246,0.0114
NELSPRUIT 312-JT,6,Theft,6,Theft:6,June,Friday,23,166497.55,27749.59,0,0.009523809523809525,0.012472367523757903,0.011
THREE RIVERS EAST,5,Theft,5,Theft:5,December,Sunday,9,264813.39,52962.68,0,0.0,0.021926076945231236,0.011
VASCO ESTATE,6,Theft,6,Theft:6,May,Tuesday,14,164795.85,27465.98,0,0.009523809523809525,0.012308737966989421,0.0109
BIRCH ACRES,6,Theft,6,Theft:6,October,Wednesday,20,162705.34,27117.56,0,0.009523809523809525,0.012107721792152444,0.0108
ZINKWAZI BEACH,6,Theft,6,Theft:6,May,Wednesday,2,161204.49,26867.41,0,0.009523809523809525,0.011963405273214923,0.0107
THORNTON,6,Theft,6,Theft:6,November,Monday,2,157878.38,26313.06,0,0.009523809523809525,0.011643578097412361,0.0106
LINCOLN MEADE,5,Theft,4,Theft:4; Hijack:1,July,Sunday,7,254340.76,50868.15,0,0.0,0.020919065248045876,0.0105
GREENBURY,5,Theft,4,Theft:4; Burglary:1,April,Monday,11,254056.23,50811.25,0,0.0,0.02089170583229261,0.0104
RIVERTON,7,Theft,7,Theft:7,October,Saturday,20,52027.09,7432.44,0,0.01904761904761905,0.00146528599770487,0.0103
ORKNEY,6,Theft,6,Theft:6,September,Saturday,0,151015.33,25169.22,0,0.009523809523809525,0.010983651065867468,0.0103
FAIRVIEW,7,Theft,5,Theft:5; Armed Robbery:2,June,Wednesday,4,52756.96,8792.83,1,0.01904761904761905,0.0015354677598242881,0.0103
MONTCLAIR,6,Theft,4,Theft:4; Hijack:1; Armed Robbery:1,October,Saturday,8,148724.37,29744.87,1,0.009523809523809525,0.0107633603158091,0.0101
FAIRWAYS,5,Theft,5,Theft:5,May,Saturday,6,243082.54,48616.51,0,0.0,0.019836513947227824,0.0099
TASBET PARK,5,Theft,4,Theft:4; Burglary:1,December,Friday,6,242322.56,48464.51,0,0.0,0.01976343691217293,0.0099
FRAMESBY,6,Theft,6,Theft:6,June,Tuesday,2,140600.41,23433.4,0,0.009523809523809525,0.009982188561678002,0.0098
EDELWEISS,5,Theft,4,Theft:4; Burglary:1,February,Tuesday,8,240340.82,48068.16,0,0.0,0.019572879682443617,0.0098
BISHOPSCOURT,5,Theft,5,Theft:5,May,Thursday,6,237672.74,47534.55,0,0.0,0.019316326384081473,0.0097
LANGA,5,Theft,5,Theft:5,September,Thursday,17,237111.95,47422.39,0,0.0,0.019262402767027825,0.0096
HARTENBOS,6,Theft,6,Theft:6,December,Monday,8,136129.89,22688.32,0,0.009523809523809525,0.009552318898326858,0.0095
SOUTHGATE,5,Theft,5,Theft:5,February,Monday,14,225163.17,45032.63,0,0.0,0.01811344961704597,0.0091
BONNIE BRAE,6,Theft,6,Theft:6,February,Thursday,23,124780.97,20796.83,0,0.009523809523809525,0.008461046200788525,0.009
PLATTEKLOOF GLEN,6,Theft,6,Theft:6,June,Wednesday,3,125236.12,20872.69,0,0.009523809523809525,0.008504811842654409,0.009
BLUEWATER BAY,6,Theft,5,Theft:5; Burglary:1,January,Wednesday,22,119433.35,19905.56,0,0.009523809523809525,0.007946837650300026,0.0087
GLEN HILLS,6,Theft,5,Theft:5; Burglary:1,January,Friday,0,114153.81,19025.63,0,0.009523809523809525,0.0074391754359605525,0.0085
VINCENT HEIGHTS,6,Theft,6,Theft:6,October,Thursday,4,113620.14,18936.69,0,0.009523809523809525,0.007387859583835834,0.0085
LADYSMITH,5,Theft,5,Theft:5,June,Tuesday,10,208222.87,41644.57,0,0.0,0.016484529254746416,0.0082
KLERKSDORP CENTRAL,6,Theft,6,Theft:6,November,Saturday,2,107692.59,17948.76,0,0.009523809523809525,0.006817886980425698,0.0082
DUNNOTTAR,6,Theft,6,Theft:6,October,Thursday,2,101177.39,16862.9,0,0.009523809523809525,0.006191407995729203,0.0079
DE BRON,5,Theft,5,Theft:5,December,Tuesday,1,199663.18,39932.64,0,0.0,0.015661459218444116,0.0078
HILLBROW,5,Theft,4,Theft:4; Hijack:1,April,Saturday,14,196486.26,39297.25,0,0.0,0.015355977634446393,0.0077
WARNER BEACH,6,Theft,6,Theft:6,July,Thursday,17,96196.29,16032.71,0,0.009523809523809525,0.005712442734390839,0.0076
MAITLAND,5,Theft,4,Theft:4; Armed Robbery:1,June,Wednesday,11,194725.0,38945.0,0,0.0,0.015186620995112749,0.0076
MODJADJISKLOOF,5,Theft,5,Theft:5,October,Wednesday,17,190240.35,38048.07,0,0.0,0.0147553926400785,0.0074
LOCHNERHOF,6,Theft,6,Theft:6,November,Friday,16,89065.1,14844.18,0,0.009523809523809525,0.0050267322925198615,0.0073
TABLE MOUNTAIN (NATURE RESERVE),6,Theft,5,Theft:5; Attempted Theft:1,February,Sunday,7,87063.6,14510.6,0,0.009523809523809525,0.004834275009877727,0.0072
GANS BAY,6,Theft,6,Theft:6,June,Sunday,7,85290.7,14215.12,0,0.009523809523809525,0.00466379910860556,0.0071
WITKOPPEN,5,Theft,3,Theft:3; Accidental Loss:1; Burglary:1,September,Saturday,16,185304.82,37060.96,0,0.0,0.014280809231535541,0.0071
LOERIE PARK,5,Theft,5,Theft:5,February,Friday,9,179705.9,35941.18,0,0.0,0.013742436546583903,0.0069
WHITE RIVER AH,5,Theft,5,Theft:5,December,Wednesday,6,175373.17,35074.63,0,0.0,0.013325816290664818,0.0067
PARK HILL,6,Theft,6,Theft:6,January,Saturday,0,77417.63,12902.94,0,0.009523809523809525,0.003906752064762788,0.0067
PRETORIA GARDENS,5,Theft,5,Theft:5,January,Wednesday,18,169717.0,33943.4,0,0.0,0.012781938644718294,0.0064
SODWANA BAY NATIONAL PARK,5,Theft,5,Theft:5,March,Saturday,3,169977.87,33995.57,0,0.0,0.012807022997115423,0.0064
UMTENTWENI,5,Theft,5,Theft:5,February,Saturday,1,170104.84,34020.97,0,0.0,0.012819231990958576,0.0064
MARAISBURG,5,Theft,3,Theft:3; Hijack:2,March,Tuesday,4,167101.5,33420.3,0,0.0,0.012530441256384294,0.0063
COSMO CITY,5,Burglary,2,Burglary:2; Theft:2; Armed Robbery:1,July,Tuesday,2,166787.7,33357.54,0,0.0,0.01250026733917565,0.0063
WINDSOR,5,Theft,3,Theft:3; Hijack:1; Armed Robbery:1,October,Thursday,4,166972.89,55657.63,2,0.0,0.0125180745658419,0.0063
RYDALVALE,5,Theft,5,Theft:5,December,Sunday,21,164681.7,32936.34,0,0.0,0.012297761699783027,0.0061
KENTON-ON-SEA,5,Theft,5,Theft:5,November,Thursday,8,156027.3,31205.46,0,0.0,0.011465584679099493,0.0057
ARBORETUM,5,Theft,5,Theft:5,November,Saturday,17,150665.97,30133.19,0,0.0,0.010950057822667942,0.0055
SCOTTBURGH,5,Theft,5,Theft:5,January,Saturday,3,149393.88,29878.78,0,0.0,0.010827738070144217,0.0054
VREDENBURG,5,Theft,5,Theft:5,August,Wednesday,14,146016.74,29203.35,0,0.0,0.0105030040269256,0.0053
STILFONTEIN,6,Theft,5,Theft:5; Armed Robbery:1,October,Wednesday,4,48200.16,8033.36,0,0.009523809523809525,0.001097301711588626,0.0053
FARNINGHAM RIDGE,5,Theft,5,Theft:5,January,Friday,15,145872.7,29174.54,0,0.0,0.010489153641218997,0.0052
STELLENBOSCH FARMS,5,Theft,4,Theft:4; Attempted Theft:1,May,Wednesday,11,145530.55,29106.11,0,0.0,0.010456253686556987,0.0052
ADAMAYVIEW,6,Theft,6,Theft:6,December,Tuesday,10,40743.41,6790.57,0,0.009523809523809525,0.00038028655178760874,0.005
OUDTSHOORN,6,Theft,6,Theft:6,November,Sunday,6,36788.54,6131.42,0,0.009523809523809525,0.0,0.0048
MARBLE HALL,5,Theft,5,Theft:5,January,Monday,14,134172.71,26834.54,0,0.0,0.009364123272825216,0.0047
FARMS PORT ELIZABETH,5,Theft,4,Theft:4; Armed Robbery:1,November,Saturday,7,132489.01,26497.8,0,0.0,0.00920222453348744,0.0046
CASSELDALE,5,Theft,5,Theft:5,July,Sunday,5,131869.4,26373.88,0,0.0,0.009142644989696335,0.0046
BRACKENFELL NORTH,5,Theft,5,Theft:5,August,Saturday,9,126426.0,25285.2,0,0.0,0.008619226567346002,0.0043
BRYANSTON EAST,5,Theft,5,Theft:5,August,Monday,2,123191.34,24638.27,0,0.0,0.008308192905656665,0.0042
VELD EN VLEI,5,Theft,5,Theft:5,September,Sunday,3,122688.85,24537.77,0,0.0,0.008259875213948024,0.0041
MOUNT FRERE,5,Theft,5,Theft:5,November,Thursday,3,121786.61,24357.32,0,0.0,0.008173118951799117,0.0041
DULLSTROOM,5,Theft,5,Theft:5,July,Saturday,22,118833.66,23766.73,0,0.0,0.007889173544465571,0.0039
CENTURION,5,Theft,5,Theft:5,September,Saturday,15,112074.49,22414.9,0,0.0,0.007239235252626334,0.0036
WHITE RIVER,5,Theft,5,Theft:5,December,Monday,21,109805.87,21961.17,0,0.0,0.0070210926393125175,0.0035
HAMMANSKRAAL,5,Theft,5,Theft:5,April,Saturday,10,102665.56,20533.11,0,0.0,0.006334505249943315,0.0032
RAMSGATE,5,Theft,5,Theft:5,April,Monday,2,103920.05,20784.01,0,0.0,0.006455132647645905,0.0032
SALT RIVER,5,Theft,5,Theft:5,May,Friday,18,98410.24,19682.05,0,0.0,0.005925328470541504,0.003
KIRSTENHOF,5,Theft,5,Theft:5,March,Thursday,10,93085.52,18617.1,0,0.0,0.005413321904450958,0.0027
HATTON ESTATE,5,Theft,5,Theft:5,December,Saturday,2,91305.95,18261.19,0,0.0,0.005242204639164191,0.0026
VANDERBIJLPARK S. W. 1,5,Theft,5,Theft:5,November,Sunday,14,86334.95,17266.99,0,0.0,0.004764210558717501,0.0024
THE ORCHARDS,5,Theft,4,Theft:4; Hijack:1,February,Sunday,4,73965.76,14793.15,0,0.0,0.003574832244511024,0.0018
WOODHAVEN,5,Theft,5,Theft:5,November,Saturday,6,72860.04,14572.01,0,0.0,0.0034685100528732216,0.0017
HAZELDEAN,5,Theft,4,Theft:4; Burglary:1,March,Thursday,13,63485.36,12697.07,0,0.0,0.0025670734111347434,0.0013
SAND BAY,5,Theft,5,Theft:5,April,Tuesday,16,61271.81,12254.36,0,0.0,0.0023542261375936505,0.0012
DOOR DE KRAAL,5,Theft,5,Theft:5,August,Thursday,17,60465.7,12093.14,0,0.0,0.0022767134020899526,0.0011
BROADWOOD,5,Theft,5,Theft:5,November,Friday,5,58243.47,11648.69,0,0.0,0.0020630314899211643,0.001
KROONSTAD,5,Theft,5,Theft:5,April,Tuesday,2,57053.0,11410.6,0,0.0,0.0019485600328804538,0.001
NORTH END,5,Theft,5,Theft:5,February,Tuesday,18,56309.84,11261.97,0,0.0,0.001877100350558031,0.0009
ODENDAALSRUS,5,Theft,5,Theft:5,August,Thursday,19,55228.1,11045.62,0,0.0,0.0017730839923640255,0.0009
MOUILLE POINT,5,Theft,5,Theft:5,January,Wednesday,16,51849.75,10369.95,0,0.0,0.0014482335997514574,0.0007
BIRDSWOOD,5,Theft,5,Theft:5,October,Sunday,0,49355.65,9871.13,0,0.0,0.0012084096134223306,0.0006
PLATTEKLOOF 1,5,Theft,5,Theft:5,August,Wednesday,11,49265.71,9853.14,0,0.0,0.0011997612956602352,0.0006
DURMONTE,5,Theft,5,Theft:5,June,Thursday,2,46164.61,9232.92,0,0.0,0.0009015702993067389,0.0005
KLEINMOND,5,Theft,5,Theft:5,June,Thursday,18,40645.5,8129.1,0,0.0,0.0003708718665298061,0.0002
EAST LONDON CENTRAL,5,Theft,4,Theft:4; Armed Robbery:1,February,Friday,17,39655.15,7931.03,0,0.0,0.00027564325305759143,0.0001
