STATION,District,Province,total_q1_2026_incidents,top_crime_type,top_crime_count,top_crime_trend,crime_breakdown,saps_only_severity_score,lat,lon
Seshego,Capricorn District,Limpopo,333,Burglary at residential premises,198,Increased,Robbery with aggravating circumstances:119; Burglary at residential premises:198; Theft of motor vehicle and motorcycle:14; Carjacking:2; Truck hijacking:0,0.6248,-23.8539536,29.382852
Jeppe,Johannesburg District,Gauteng,328,Robbery with aggravating circumstances,218,Increased,Robbery with aggravating circumstances:218; Burglary at residential premises:37; Theft of motor vehicle and motorcycle:31; Carjacking:41; Truck hijacking:1,0.6151,-26.2021077,28.0604459
Temba,Tshwane District,Gauteng,325,Burglary at residential premises,158,Increased,Robbery with aggravating circumstances:139; Burglary at residential premises:158; Theft of motor vehicle and motorcycle:5; Carjacking:22; Truck hijacking:1,0.6093,-25.3886994,28.2603603
Vanderbijlpark,Sedibeng District,Gauteng,293,Robbery with aggravating circumstances,125,Decreased,Robbery with aggravating circumstances:125; Burglary at residential premises:101; Theft of motor vehicle and motorcycle:45; Carjacking:13; Truck hijacking:9,0.5474,-26.6988455,27.8330231
Ntuzuma,eThekwini District,KwaZulu-Natal,283,Robbery with aggravating circumstances,162,Increased,Robbery with aggravating circumstances:162; Burglary at residential premises:88; Theft of motor vehicle and motorcycle:14; Carjacking:19; Truck hijacking:0,0.528,-29.734805,30.9506823
Moroka,Johannesburg District,Gauteng,277,Robbery with aggravating circumstances,147,Decreased,Robbery with aggravating circumstances:147; Burglary at residential premises:77; Theft of motor vehicle and motorcycle:20; Carjacking:33; Truck hijacking:0,0.5164,-26.2677617,27.8758237
Vosman,Nkangala District,Mpumalanga,276,Robbery with aggravating circumstances,130,Decreased,Robbery with aggravating circumstances:130; Burglary at residential premises:98; Theft of motor vehicle and motorcycle:23; Carjacking:25; Truck hijacking:0,0.5145,-25.8673984,29.1273783
Protea,Johannesburg District,Gauteng,270,Robbery with aggravating circumstances,121,Increased,Robbery with aggravating circumstances:121; Burglary at residential premises:87; Theft of motor vehicle and motorcycle:26; Carjacking:36; Truck hijacking:0,0.5029,-26.2762672,27.8381275
Alexandra Road,Umgungundlovu District,KwaZulu-Natal,241,Burglary at residential premises,131,Decreased,Robbery with aggravating circumstances:86; Burglary at residential premises:131; Theft of motor vehicle and motorcycle:16; Carjacking:7; Truck hijacking:1,0.4468,-29.6189417,30.3886032
Loate,Tshwane District,Gauteng,240,Robbery with aggravating circumstances,150,Decreased,Robbery with aggravating circumstances:150; Burglary at residential premises:57; Theft of motor vehicle and motorcycle:9; Carjacking:24; Truck hijacking:0,0.4449,-25.4949596,28.073733
Rietgat,Tshwane District,Gauteng,218,Robbery with aggravating circumstances,89,Decreased,Robbery with aggravating circumstances:89; Burglary at residential premises:88; Theft of motor vehicle and motorcycle:9; Carjacking:31; Truck hijacking:1,0.4023,-25.4977145,28.0901854
Cape Town Central,City of Cape Town District,Western Cape,217,Robbery with aggravating circumstances,124,Decreased,Robbery with aggravating circumstances:124; Burglary at residential premises:48; Theft of motor vehicle and motorcycle:38; Carjacking:7; Truck hijacking:0,0.4004,-33.9275118,18.4232483
Ennerdale,Johannesburg District,Gauteng,205,Robbery with aggravating circumstances,104,Decreased,Robbery with aggravating circumstances:104; Burglary at residential premises:62; Theft of motor vehicle and motorcycle:4; Carjacking:35; Truck hijacking:0,0.3772,-26.4038914,27.832051
Orlando,Johannesburg District,Gauteng,199,Robbery with aggravating circumstances,108,Decreased,Robbery with aggravating circumstances:108; Burglary at residential premises:54; Theft of motor vehicle and motorcycle:25; Carjacking:12; Truck hijacking:0,0.3656,-26.2386398,27.919954
Moffatview,Johannesburg District,Gauteng,189,Robbery with aggravating circumstances,91,Decreased,Robbery with aggravating circumstances:91; Burglary at residential premises:53; Theft of motor vehicle and motorcycle:27; Carjacking:18; Truck hijacking:0,0.3462,-26.2427755,28.0883772
Ikageng,Dr Kenneth Kaunda District,North West,189,Burglary at residential premises,145,Decreased,Robbery with aggravating circumstances:41; Burglary at residential premises:145; Theft of motor vehicle and motorcycle:3; Carjacking:0; Truck hijacking:0,0.3462,-26.7204122,27.0622932
Klerksdorp,Dr Kenneth Kaunda District,North West,184,Burglary at residential premises,106,Increased,Robbery with aggravating circumstances:59; Burglary at residential premises:106; Theft of motor vehicle and motorcycle:14; Carjacking:5; Truck hijacking:0,0.3366,-26.8640843,26.6632928
Meadowlands,Johannesburg District,Gauteng,175,Robbery with aggravating circumstances,102,Increased,Robbery with aggravating circumstances:102; Burglary at residential premises:41; Theft of motor vehicle and motorcycle:15; Carjacking:17; Truck hijacking:0,0.3191,-26.221465,27.899908
Randburg,Johannesburg District,Gauteng,172,Robbery with aggravating circumstances,70,Decreased,Robbery with aggravating circumstances:70; Burglary at residential premises:53; Theft of motor vehicle and motorcycle:33; Carjacking:12; Truck hijacking:4,0.3133,-26.0769539,27.997592
Diepsloot,Johannesburg District,Gauteng,172,Robbery with aggravating circumstances,94,Decreased,Robbery with aggravating circumstances:94; Burglary at residential premises:33; Theft of motor vehicle and motorcycle:24; Carjacking:21; Truck hijacking:0,0.3133,-25.9223044,28.0220673
Port Shepstone,Ugu District,KwaZulu-Natal,171,Burglary at residential premises,127,Increased,Robbery with aggravating circumstances:37; Burglary at residential premises:127; Theft of motor vehicle and motorcycle:4; Carjacking:2; Truck hijacking:1,0.3114,-30.7341165,30.4489104
Roodepan,Frances Baard District,Northern Cape,171,Burglary at residential premises,147,Increased,Robbery with aggravating circumstances:22; Burglary at residential premises:147; Theft of motor vehicle and motorcycle:2; Carjacking:0; Truck hijacking:0,0.3114,-28.6722592,24.7304105
Richards Bay,King Cetshwayo District,KwaZulu-Natal,162,Burglary at residential premises,108,Decreased,Robbery with aggravating circumstances:42; Burglary at residential premises:108; Theft of motor vehicle and motorcycle:8; Carjacking:3; Truck hijacking:1,0.294,-28.7485259,32.0558157
Brixton,Johannesburg District,Gauteng,162,Robbery with aggravating circumstances,73,Decreased,Robbery with aggravating circumstances:73; Burglary at residential premises:49; Theft of motor vehicle and motorcycle:39; Carjacking:1; Truck hijacking:0,0.294,-26.1926574,27.9935526
Mogwase,Bojanala District,North West,160,Burglary at residential premises,84,Decreased,Robbery with aggravating circumstances:62; Burglary at residential premises:84; Theft of motor vehicle and motorcycle:10; Carjacking:4; Truck hijacking:0,0.2901,-25.2709395,27.2367264
Mthatha,OR Tambo District,Eastern Cape,157,Burglary at residential premises,87,Decreased,Robbery with aggravating circumstances:52; Burglary at residential premises:87; Theft of motor vehicle and motorcycle:11; Carjacking:7; Truck hijacking:0,0.2843,-31.5817701,28.7717992
Kwamhlanga,Nkangala District,Mpumalanga,157,Burglary at residential premises,82,Increased,Robbery with aggravating circumstances:56; Burglary at residential premises:82; Theft of motor vehicle and motorcycle:10; Carjacking:9; Truck hijacking:0,0.2843,-25.4337291,28.7156995
Welkom,Lejweleputswa District,Free State,156,Burglary at residential premises,85,Decreased,Robbery with aggravating circumstances:55; Burglary at residential premises:85; Theft of motor vehicle and motorcycle:13; Carjacking:3; Truck hijacking:0,0.2824,-27.973065,26.7366991
Philippi East,City of Cape Town District,Western Cape,150,Robbery with aggravating circumstances,117,Decreased,Robbery with aggravating circumstances:117; Burglary at residential premises:13; Theft of motor vehicle and motorcycle:7; Carjacking:13; Truck hijacking:0,0.2708,-34.0104077,18.6068691
Hercules,Tshwane District,Gauteng,149,Burglary at residential premises,57,Decreased,Robbery with aggravating circumstances:39; Burglary at residential premises:57; Theft of motor vehicle and motorcycle:39; Carjacking:10; Truck hijacking:4,0.2689,-25.7191179,28.1489216
Kuilsrivier,City of Cape Town District,Western Cape,147,Burglary at residential premises,89,Decreased,Robbery with aggravating circumstances:39; Burglary at residential premises:89; Theft of motor vehicle and motorcycle:17; Carjacking:2; Truck hijacking:0,0.265,-33.9322744,18.6827791
Mabopane,Tshwane District,Gauteng,145,Burglary at residential premises,74,Increased,Robbery with aggravating circumstances:59; Burglary at residential premises:74; Theft of motor vehicle and motorcycle:5; Carjacking:7; Truck hijacking:0,0.2611,-25.5111414,28.0570729
Giyani,Mopani District,Limpopo,138,Burglary at residential premises,73,Decreased,Robbery with aggravating circumstances:59; Burglary at residential premises:73; Theft of motor vehicle and motorcycle:1; Carjacking:5; Truck hijacking:0,0.2476,-23.3133128,30.7157447
Kabega Park,Nelson Mandela District,Eastern Cape,137,Burglary at residential premises,90,Decreased,Robbery with aggravating circumstances:30; Burglary at residential premises:90; Theft of motor vehicle and motorcycle:16; Carjacking:1; Truck hijacking:0,0.2456,-33.9400485,25.4986019
Jabulani,Johannesburg District,Gauteng,131,Robbery with aggravating circumstances,58,Decreased,Robbery with aggravating circumstances:58; Burglary at residential premises:30; Theft of motor vehicle and motorcycle:20; Carjacking:23; Truck hijacking:0,0.234,-26.2481818,27.858599
Hartbeespoortdam,Bojanala District,North West,130,Burglary at residential premises,61,Decreased,Robbery with aggravating circumstances:33; Burglary at residential premises:61; Theft of motor vehicle and motorcycle:30; Carjacking:6; Truck hijacking:0,0.2321,-25.7249308,27.8714243
Langlaagte,Johannesburg District,Gauteng,127,Robbery with aggravating circumstances,81,Increased,Robbery with aggravating circumstances:81; Burglary at residential premises:29; Theft of motor vehicle and motorcycle:7; Carjacking:9; Truck hijacking:1,0.2263,-26.2081575,27.9839616
Cambridge,Buffalo City District,Eastern Cape,125,Burglary at residential premises,91,Decreased,Robbery with aggravating circumstances:24; Burglary at residential premises:91; Theft of motor vehicle and motorcycle:8; Carjacking:2; Truck hijacking:0,0.2224,-32.979348,27.8979554
Mpumalanga KZN,eThekwini District,KwaZulu-Natal,125,Robbery with aggravating circumstances,74,Decreased,Robbery with aggravating circumstances:74; Burglary at residential premises:40; Theft of motor vehicle and motorcycle:3; Carjacking:8; Truck hijacking:0,0.2224,-29.8141734,30.6364489
Thabong,Lejweleputswa District,Free State,125,Robbery with aggravating circumstances,59,Decreased,Robbery with aggravating circumstances:59; Burglary at residential premises:58; Theft of motor vehicle and motorcycle:4; Carjacking:4; Truck hijacking:0,0.2224,-27.9749514,26.7805159
Sandringham,Johannesburg District,Gauteng,124,Robbery with aggravating circumstances,60,Decreased,Robbery with aggravating circumstances:60; Burglary at residential premises:19; Theft of motor vehicle and motorcycle:22; Carjacking:22; Truck hijacking:1,0.2205,-26.1365589,28.1184212
Eshowe,King Cetshwayo District,KwaZulu-Natal,121,Burglary at residential premises,80,Increased,Robbery with aggravating circumstances:36; Burglary at residential premises:80; Theft of motor vehicle and motorcycle:1; Carjacking:4; Truck hijacking:0,0.2147,-28.9024348,31.4569026
Vryheid,Zululand District,KwaZulu-Natal,115,Burglary at residential premises,81,Increased,Robbery with aggravating circumstances:32; Burglary at residential premises:81; Theft of motor vehicle and motorcycle:1; Carjacking:1; Truck hijacking:0,0.2031,-27.7672526,30.7955049
Yeoville,Johannesburg District,Gauteng,113,Robbery with aggravating circumstances,82,Increased,Robbery with aggravating circumstances:82; Burglary at residential premises:5; Theft of motor vehicle and motorcycle:11; Carjacking:15; Truck hijacking:0,0.1992,-26.1833618,28.0623073
Qonce,Buffalo City District,Eastern Cape,108,Burglary at residential premises,64,Increased,Robbery with aggravating circumstances:44; Burglary at residential premises:64; Theft of motor vehicle and motorcycle:0; Carjacking:0; Truck hijacking:0,0.1896,-32.8713162,27.3914618
Bushbuckridge,Ehlanzeni District,Mpumalanga,103,Burglary at residential premises,51,Increased,Robbery with aggravating circumstances:42; Burglary at residential premises:51; Theft of motor vehicle and motorcycle:3; Carjacking:7; Truck hijacking:0,0.1799,-24.8459277,31.0609631
Harrismith,Thabo Mofutsanyana District,Free State,98,Burglary at residential premises,72,Increased,Robbery with aggravating circumstances:25; Burglary at residential premises:72; Theft of motor vehicle and motorcycle:1; Carjacking:0; Truck hijacking:0,0.1702,-28.2696747,29.1279789
Hebron,Bojanala District,North West,94,Burglary at residential premises,47,Decreased,Robbery with aggravating circumstances:36; Burglary at residential premises:47; Theft of motor vehicle and motorcycle:4; Carjacking:7; Truck hijacking:0,0.1625,-25.5494122,28.0172351
Sundumbili,Ilembe District,KwaZulu-Natal,94,Burglary at residential premises,69,Increased,Robbery with aggravating circumstances:25; Burglary at residential premises:69; Theft of motor vehicle and motorcycle:0; Carjacking:0; Truck hijacking:0,0.1625,-29.1352068,31.4023007
Bloemspruit,Mangaung District,Free State,92,Burglary at residential premises,58,Decreased,Robbery with aggravating circumstances:30; Burglary at residential premises:58; Theft of motor vehicle and motorcycle:3; Carjacking:1; Truck hijacking:0,0.1586,-29.1392486,26.2789712
Mount Road,Nelson Mandela District,Eastern Cape,90,Robbery with aggravating circumstances,56,Decreased,Robbery with aggravating circumstances:56; Burglary at residential premises:15; Theft of motor vehicle and motorcycle:9; Carjacking:10; Truck hijacking:0,0.1547,-33.9549745,25.5948707
Paarl East,Cape Winelands District,Western Cape,89,Burglary at residential premises,47,Decreased,Robbery with aggravating circumstances:37; Burglary at residential premises:47; Theft of motor vehicle and motorcycle:4; Carjacking:1; Truck hijacking:0,0.1528,-33.7111737,18.9939042
Atlantis,City of Cape Town District,Western Cape,87,Burglary at residential premises,55,Stabilized,Robbery with aggravating circumstances:29; Burglary at residential premises:55; Theft of motor vehicle and motorcycle:2; Carjacking:1; Truck hijacking:0,0.1489,-33.5648186,18.492981
Botshabelo,Mangaung District,Free State,86,Burglary at residential premises,53,Increased,Robbery with aggravating circumstances:31; Burglary at residential premises:53; Theft of motor vehicle and motorcycle:1; Carjacking:1; Truck hijacking:0,0.147,-29.2364064,26.7163124
Goodwood,City of Cape Town District,Western Cape,85,Robbery with aggravating circumstances,37,Decreased,Robbery with aggravating circumstances:37; Burglary at residential premises:27; Theft of motor vehicle and motorcycle:16; Carjacking:5; Truck hijacking:0,0.1451,-33.9088677,18.5618912
Katlehong,Ekurhuleni District,Gauteng,84,Robbery with aggravating circumstances,37,Decreased,Robbery with aggravating circumstances:37; Burglary at residential premises:34; Theft of motor vehicle and motorcycle:2; Carjacking:11; Truck hijacking:0,0.1431,-26.3150784,28.1570917
Elsies River,City of Cape Town District,Western Cape,83,Robbery with aggravating circumstances,38,Decreased,Robbery with aggravating circumstances:38; Burglary at residential premises:25; Theft of motor vehicle and motorcycle:15; Carjacking:5; Truck hijacking:0,0.1412,-33.9245123,18.5645386
Joza,Sarah Baartman District,Eastern Cape,81,Burglary at residential premises,71,Increased,Robbery with aggravating circumstances:10; Burglary at residential premises:71; Theft of motor vehicle and motorcycle:0; Carjacking:0; Truck hijacking:0,0.1373,-33.2844301,26.5706692
Marikana,Bojanala District,North West,80,Burglary at residential premises,37,Increased,Robbery with aggravating circumstances:31; Burglary at residential premises:37; Theft of motor vehicle and motorcycle:10; Carjacking:2; Truck hijacking:0,0.1354,-25.7050041,27.4863218
Nongoma,Zululand District,KwaZulu-Natal,77,Burglary at residential premises,51,Stabilized,Robbery with aggravating circumstances:26; Burglary at residential premises:51; Theft of motor vehicle and motorcycle:0; Carjacking:0; Truck hijacking:0,0.1296,-27.8987611,31.6470959
Mdantsane,Buffalo City District,Eastern Cape,77,Burglary at residential premises,58,Decreased,Robbery with aggravating circumstances:18; Burglary at residential premises:58; Theft of motor vehicle and motorcycle:1; Carjacking:0; Truck hijacking:0,0.1296,-32.9490827,27.7757752
Mangaung,Mangaung District,Free State,76,Burglary at residential premises,47,Increased,Robbery with aggravating circumstances:22; Burglary at residential premises:47; Theft of motor vehicle and motorcycle:6; Carjacking:1; Truck hijacking:0,0.1277,-29.1566848,26.2493862
Macassar,City of Cape Town District,Western Cape,75,Burglary at residential premises,48,Stabilized,Robbery with aggravating circumstances:21; Burglary at residential premises:48; Theft of motor vehicle and motorcycle:6; Carjacking:0; Truck hijacking:0,0.1257,-34.0612975,18.7625956
Klipgat,Bojanala District,North West,75,Burglary at residential premises,45,Increased,Robbery with aggravating circumstances:27; Burglary at residential premises:45; Theft of motor vehicle and motorcycle:2; Carjacking:1; Truck hijacking:0,0.1257,-25.4735657,27.9843341
Kuruman,John Taolo Gaetsewe District,Northern Cape,73,Burglary at residential premises,40,Increased,Robbery with aggravating circumstances:30; Burglary at residential premises:40; Theft of motor vehicle and motorcycle:2; Carjacking:0; Truck hijacking:1,0.1219,-27.4589214,23.4328097
Stutterheim,Amathole District,Eastern Cape,73,Burglary at residential premises,54,Increased,Robbery with aggravating circumstances:18; Burglary at residential premises:54; Theft of motor vehicle and motorcycle:1; Carjacking:0; Truck hijacking:0,0.1219,-32.5713116,27.4273221
Bethelsdorp,Nelson Mandela District,Eastern Cape,72,Burglary at residential premises,38,Decreased,Robbery with aggravating circumstances:29; Burglary at residential premises:38; Theft of motor vehicle and motorcycle:2; Carjacking:2; Truck hijacking:1,0.1199,-33.8706311,25.5124756
Kanana,Dr Kenneth Kaunda District,North West,71,Robbery with aggravating circumstances,31,Decreased,Robbery with aggravating circumstances:31; Burglary at residential premises:31; Theft of motor vehicle and motorcycle:8; Carjacking:1; Truck hijacking:0,0.118,-26.952157,26.6297767
Point,eThekwini District,KwaZulu-Natal,71,Robbery with aggravating circumstances,47,Increased,Robbery with aggravating circumstances:47; Burglary at residential premises:2; Theft of motor vehicle and motorcycle:21; Carjacking:1; Truck hijacking:0,0.118,-33.9054579,18.3996107
Motherwell,Nelson Mandela District,Eastern Cape,70,Robbery with aggravating circumstances,40,Decreased,Robbery with aggravating circumstances:40; Burglary at residential premises:19; Theft of motor vehicle and motorcycle:2; Carjacking:9; Truck hijacking:0,0.1161,-33.7965664,25.5843955
Zwelitsha,Buffalo City District,Eastern Cape,70,Burglary at residential premises,52,Increased,Robbery with aggravating circumstances:14; Burglary at residential premises:52; Theft of motor vehicle and motorcycle:3; Carjacking:1; Truck hijacking:0,0.1161,-32.9146159,27.4211915
Kliprivier,Sedibeng District,Gauteng,69,Robbery with aggravating circumstances,33,Stabilized,Robbery with aggravating circumstances:33; Burglary at residential premises:12; Theft of motor vehicle and motorcycle:15; Carjacking:8; Truck hijacking:1,0.1141,-26.4202604,28.0846303
Bothaville,Lejweleputswa District,Free State,69,Burglary at residential premises,41,Stabilized,Robbery with aggravating circumstances:26; Burglary at residential premises:41; Theft of motor vehicle and motorcycle:1; Carjacking:1; Truck hijacking:0,0.1141,-27.3887968,26.6144252
Robert Sobukwe,Sarah Baartman District,Eastern Cape,68,Burglary at residential premises,56,Decreased,Robbery with aggravating circumstances:9; Burglary at residential premises:56; Theft of motor vehicle and motorcycle:3; Carjacking:0; Truck hijacking:0,0.1122,-32.2528564,24.5401765
Buffalo Flats,Buffalo City District,Eastern Cape,67,Burglary at residential premises,40,Decreased,Robbery with aggravating circumstances:25; Burglary at residential premises:40; Theft of motor vehicle and motorcycle:1; Carjacking:1; Truck hijacking:0,0.1103,-33.0240736,27.8601646
Lomanyaneng,Ngaka Modiri Molema District,North West,67,Burglary at residential premises,43,Increased,Robbery with aggravating circumstances:19; Burglary at residential premises:43; Theft of motor vehicle and motorcycle:1; Carjacking:1; Truck hijacking:3,0.1103,-25.8949967,25.6595587
Lehurutshe,Ngaka Modiri Molema District,North West,67,Burglary at residential premises,53,Increased,Robbery with aggravating circumstances:13; Burglary at residential premises:53; Theft of motor vehicle and motorcycle:1; Carjacking:0; Truck hijacking:0,0.1103,-25.4872701,25.984667
Muldersdrift,West Rand District,Gauteng,65,Robbery with aggravating circumstances,31,Decreased,Robbery with aggravating circumstances:31; Burglary at residential premises:14; Theft of motor vehicle and motorcycle:7; Carjacking:9; Truck hijacking:4,0.1064,-26.0381312,27.8508261
Inyibiba,Buffalo City District,Eastern Cape,65,Burglary at residential premises,49,Decreased,Robbery with aggravating circumstances:14; Burglary at residential premises:49; Theft of motor vehicle and motorcycle:2; Carjacking:0; Truck hijacking:0,0.1064,-32.9561449,27.6946552
Mlungisi,Chris Hani District,Eastern Cape,63,Burglary at residential premises,47,Decreased,Robbery with aggravating circumstances:13; Burglary at residential premises:47; Theft of motor vehicle and motorcycle:2; Carjacking:1; Truck hijacking:0,0.1025,-31.9109844,26.8652467
Robertson,Cape Winelands District,Western Cape,63,Burglary at residential premises,46,Decreased,Robbery with aggravating circumstances:17; Burglary at residential premises:46; Theft of motor vehicle and motorcycle:0; Carjacking:0; Truck hijacking:0,0.1025,-33.8050229,19.8751008
Samora Machel,City of Cape Town District,Western Cape,63,Robbery with aggravating circumstances,40,Decreased,Robbery with aggravating circumstances:40; Burglary at residential premises:8; Theft of motor vehicle and motorcycle:5; Carjacking:10; Truck hijacking:0,0.1025,-34.0175203,18.5728252
Ratanda,Sedibeng District,Gauteng,61,Burglary at residential premises,37,Decreased,Robbery with aggravating circumstances:22; Burglary at residential premises:37; Theft of motor vehicle and motorcycle:0; Carjacking:2; Truck hijacking:0,0.0986,-26.5536457,28.3278596
Erasmia,Tshwane District,Gauteng,61,Burglary at residential premises,28,Increased,Robbery with aggravating circumstances:23; Burglary at residential premises:28; Theft of motor vehicle and motorcycle:2; Carjacking:8; Truck hijacking:0,0.0986,-25.8129405,28.0887635
Sharpeville,Sedibeng District,Gauteng,60,Robbery with aggravating circumstances,30,Increased,Robbery with aggravating circumstances:30; Burglary at residential premises:15; Theft of motor vehicle and motorcycle:7; Carjacking:8; Truck hijacking:0,0.0967,-26.6884357,27.8718655
Makhanda,Sarah Baartman District,Eastern Cape,58,Burglary at residential premises,43,Decreased,Robbery with aggravating circumstances:12; Burglary at residential premises:43; Theft of motor vehicle and motorcycle:3; Carjacking:0; Truck hijacking:0,0.0928,-33.3116019,26.5343083
Nxuba,Chris Hani District,Eastern Cape,57,Burglary at residential premises,49,Decreased,Robbery with aggravating circumstances:6; Burglary at residential premises:49; Theft of motor vehicle and motorcycle:2; Carjacking:0; Truck hijacking:0,0.0909,-32.1749997,25.6256774
Tonga,Ehlanzeni District,Mpumalanga,56,Burglary at residential premises,28,Increased,Robbery with aggravating circumstances:26; Burglary at residential premises:28; Theft of motor vehicle and motorcycle:1; Carjacking:1; Truck hijacking:0,0.089,-25.6884368,31.785389
Vulindlela,Buffalo City District,Eastern Cape,54,Burglary at residential premises,38,Increased,Robbery with aggravating circumstances:11; Burglary at residential premises:38; Theft of motor vehicle and motorcycle:4; Carjacking:1; Truck hijacking:0,0.0851,-32.9219121,27.7124182
Paulpietersburg,Zululand District,KwaZulu-Natal,53,Burglary at residential premises,40,Increased,Robbery with aggravating circumstances:11; Burglary at residential premises:40; Theft of motor vehicle and motorcycle:2; Carjacking:0; Truck hijacking:0,0.0832,-27.4230037,30.8172546
Dimbaza,Buffalo City District,Eastern Cape,53,Burglary at residential premises,35,Decreased,Robbery with aggravating circumstances:16; Burglary at residential premises:35; Theft of motor vehicle and motorcycle:2; Carjacking:0; Truck hijacking:0,0.0832,-32.8325739,27.2061758
Acornhoek,Ehlanzeni District,Mpumalanga,53,Robbery with aggravating circumstances,28,Increased,Robbery with aggravating circumstances:28; Burglary at residential premises:20; Theft of motor vehicle and motorcycle:2; Carjacking:3; Truck hijacking:0,0.0832,-24.5963122,31.0480811
Cloetesville,Cape Winelands District,Western Cape,51,Robbery with aggravating circumstances,35,Increased,Robbery with aggravating circumstances:35; Burglary at residential premises:14; Theft of motor vehicle and motorcycle:2; Carjacking:0; Truck hijacking:0,0.0793,-33.9225035,18.8554278
Beacon Bay,Buffalo City District,Eastern Cape,49,Burglary at residential premises,44,Decreased,Robbery with aggravating circumstances:3; Burglary at residential premises:44; Theft of motor vehicle and motorcycle:1; Carjacking:1; Truck hijacking:0,0.0754,-32.9688239,27.9384686
Tokoza,Ekurhuleni District,Gauteng,47,Robbery with aggravating circumstances,26,Increased,Robbery with aggravating circumstances:26; Burglary at residential premises:16; Theft of motor vehicle and motorcycle:4; Carjacking:1; Truck hijacking:0,0.0716,-26.3284249,28.1428221
Letsitele,Mopani District,Limpopo,46,Burglary at residential premises,32,Increased,Robbery with aggravating circumstances:13; Burglary at residential premises:32; Theft of motor vehicle and motorcycle:1; Carjacking:0; Truck hijacking:0,0.0696,-23.8938517,30.3923142
Saldanha,West Coast District,Western Cape,46,Burglary at residential premises,33,Decreased,Robbery with aggravating circumstances:13; Burglary at residential premises:33; Theft of motor vehicle and motorcycle:0; Carjacking:0; Truck hijacking:0,0.0696,-33.0093869,17.9396988
KwaMaqoma,Amathole District,Eastern Cape,46,Burglary at residential premises,36,Decreased,Robbery with aggravating circumstances:9; Burglary at residential premises:36; Theft of motor vehicle and motorcycle:1; Carjacking:0; Truck hijacking:0,0.0696,-32.7770048,26.6355833
Heidedal,Mangaung District,Free State,43,Robbery with aggravating circumstances,28,Decreased,Robbery with aggravating circumstances:28; Burglary at residential premises:15; Theft of motor vehicle and motorcycle:0; Carjacking:0; Truck hijacking:0,0.0638,-29.1422996,26.2504572
Hennenman,Lejweleputswa District,Free State,42,Burglary at residential premises,35,Decreased,Robbery with aggravating circumstances:6; Burglary at residential premises:35; Theft of motor vehicle and motorcycle:0; Carjacking:1; Truck hijacking:0,0.0619,-27.9790238,27.0275461
Montagu,Cape Winelands District,Western Cape,41,Burglary at residential premises,40,Increased,Robbery with aggravating circumstances:1; Burglary at residential premises:40; Theft of motor vehicle and motorcycle:0; Carjacking:0; Truck hijacking:0,0.06,-33.7844951,20.1296832
Itsoseng,Ngaka Modiri Molema District,North West,40,Burglary at residential premises,20,Decreased,Robbery with aggravating circumstances:17; Burglary at residential premises:20; Theft of motor vehicle and motorcycle:2; Carjacking:1; Truck hijacking:0,0.058,-26.0871397,25.8805423
Bethlehem,Thabo Mofutsanyana District,Free State,38,Burglary at residential premises,21,Decreased,Robbery with aggravating circumstances:12; Burglary at residential premises:21; Theft of motor vehicle and motorcycle:4; Carjacking:1; Truck hijacking:0,0.0542,-28.2311465,28.3087518
Huhudi,Dr Ruth Segomotsi Mompati District,North West,37,Burglary at residential premises,26,Decreased,Robbery with aggravating circumstances:10; Burglary at residential premises:26; Theft of motor vehicle and motorcycle:0; Carjacking:1; Truck hijacking:0,0.0522,-26.9669577,24.7404931
Humansdorp,Sarah Baartman District,Eastern Cape,37,Burglary at residential premises,24,Decreased,Robbery with aggravating circumstances:12; Burglary at residential premises:24; Theft of motor vehicle and motorcycle:1; Carjacking:0; Truck hijacking:0,0.0522,-34.028049,24.7728845
Senwabarwana,Capricorn District,Limpopo,37,Burglary at residential premises,25,Decreased,Robbery with aggravating circumstances:10; Burglary at residential premises:25; Theft of motor vehicle and motorcycle:1; Carjacking:1; Truck hijacking:0,0.0522,-23.2856866,29.1391903
Actonville,Ekurhuleni District,Gauteng,36,Burglary at residential premises,16,Increased,Robbery with aggravating circumstances:14; Burglary at residential premises:16; Theft of motor vehicle and motorcycle:2; Carjacking:4; Truck hijacking:0,0.0503,-26.2121237,28.2998418
Vredendal,West Coast District,Western Cape,35,Burglary at residential premises,26,Increased,Robbery with aggravating circumstances:6; Burglary at residential premises:26; Theft of motor vehicle and motorcycle:3; Carjacking:0; Truck hijacking:0,0.0484,-31.6612447,18.510346
Springbok,Namakwa District,Northern Cape,35,Burglary at residential premises,31,Increased,Robbery with aggravating circumstances:4; Burglary at residential premises:31; Theft of motor vehicle and motorcycle:0; Carjacking:0; Truck hijacking:0,0.0484,-29.665732,17.8852618
Kenton On Sea,Sarah Baartman District,Eastern Cape,34,Burglary at residential premises,32,Decreased,Robbery with aggravating circumstances:2; Burglary at residential premises:32; Theft of motor vehicle and motorcycle:0; Carjacking:0; Truck hijacking:0,0.0464,-33.6804715,26.6670426
Willowvale,Amathole District,Eastern Cape,34,Burglary at residential premises,23,Increased,Robbery with aggravating circumstances:9; Burglary at residential premises:23; Theft of motor vehicle and motorcycle:2; Carjacking:0; Truck hijacking:0,0.0464,-32.2668727,28.5065765
Nqweba,Sarah Baartman District,Eastern Cape,33,Burglary at residential premises,29,Decreased,Robbery with aggravating circumstances:4; Burglary at residential premises:29; Theft of motor vehicle and motorcycle:0; Carjacking:0; Truck hijacking:0,0.0445,-33.3989681,25.4441246
Bultfontein,Lejweleputswa District,Free State,33,Burglary at residential premises,19,Increased,Robbery with aggravating circumstances:13; Burglary at residential premises:19; Theft of motor vehicle and motorcycle:0; Carjacking:1; Truck hijacking:0,0.0445,-28.2934095,26.1529988
Volksrust,Gert Sibande District,Mpumalanga,32,Burglary at residential premises,28,Increased,Robbery with aggravating circumstances:3; Burglary at residential premises:28; Theft of motor vehicle and motorcycle:1; Carjacking:0; Truck hijacking:0,0.0426,-27.3735862,29.8868618
Ndevana,Buffalo City District,Eastern Cape,29,Burglary at residential premises,24,Decreased,Robbery with aggravating circumstances:5; Burglary at residential premises:24; Theft of motor vehicle and motorcycle:0; Carjacking:0; Truck hijacking:0,0.0368,-32.9195906,27.4901964
Batlharos,John Taolo Gaetsewe District,Northern Cape,29,Burglary at residential premises,24,Increased,Robbery with aggravating circumstances:5; Burglary at residential premises:24; Theft of motor vehicle and motorcycle:0; Carjacking:0; Truck hijacking:0,0.0368,-27.3050493,23.3414637
Ocean View,City of Cape Town District,Western Cape,29,Burglary at residential premises,15,Decreased,Robbery with aggravating circumstances:9; Burglary at residential premises:15; Theft of motor vehicle and motorcycle:5; Carjacking:0; Truck hijacking:0,0.0368,-34.1441963,18.3463713
Bhisho,Buffalo City District,Eastern Cape,29,Burglary at residential premises,25,Decreased,Robbery with aggravating circumstances:3; Burglary at residential premises:25; Theft of motor vehicle and motorcycle:1; Carjacking:0; Truck hijacking:0,0.0368,-32.8502872,27.4409197
Maletswai,Joe Gqabi District,Eastern Cape,28,Burglary at residential premises,24,Increased,Robbery with aggravating circumstances:4; Burglary at residential premises:24; Theft of motor vehicle and motorcycle:0; Carjacking:0; Truck hijacking:0,0.0348,-30.6944277,26.691713
Zele,Buffalo City District,Eastern Cape,28,Burglary at residential premises,22,Decreased,Robbery with aggravating circumstances:6; Burglary at residential premises:22; Theft of motor vehicle and motorcycle:0; Carjacking:0; Truck hijacking:0,0.0348,-32.7706695,27.3758867
Adelaide,Amathole District,Eastern Cape,28,Burglary at residential premises,25,Increased,Robbery with aggravating circumstances:3; Burglary at residential premises:25; Theft of motor vehicle and motorcycle:0; Carjacking:0; Truck hijacking:0,0.0348,-32.7072246,26.2925309
Batho,Mangaung District,Free State,27,Robbery with aggravating circumstances,13,Increased,Robbery with aggravating circumstances:13; Burglary at residential premises:13; Theft of motor vehicle and motorcycle:1; Carjacking:0; Truck hijacking:0,0.0329,-29.1347399,26.2252403
Madikwe,Bojanala District,North West,27,Burglary at residential premises,23,Increased,Robbery with aggravating circumstances:4; Burglary at residential premises:23; Theft of motor vehicle and motorcycle:0; Carjacking:0; Truck hijacking:0,0.0329,-25.3515011,26.5245076
Danielskuil,ZF Mgcawu District,Northern Cape,25,Burglary at residential premises,22,Increased,Robbery with aggravating circumstances:3; Burglary at residential premises:22; Theft of motor vehicle and motorcycle:0; Carjacking:0; Truck hijacking:0,0.029,-28.1825312,23.5429595
Prince Albert,Central Karoo District,Western Cape,24,Burglary at residential premises,24,Increased,Robbery with aggravating circumstances:0; Burglary at residential premises:24; Theft of motor vehicle and motorcycle:0; Carjacking:0; Truck hijacking:0,0.0271,-33.2193279,22.0284106
Emanguzi,Umkhanyakude District,KwaZulu-Natal,24,Burglary at residential premises,15,Decreased,Robbery with aggravating circumstances:9; Burglary at residential premises:15; Theft of motor vehicle and motorcycle:0; Carjacking:0; Truck hijacking:0,0.0271,-26.9978628,32.7434332
Ezibeleni,Chris Hani District,Eastern Cape,24,Burglary at residential premises,23,Increased,Robbery with aggravating circumstances:1; Burglary at residential premises:23; Theft of motor vehicle and motorcycle:0; Carjacking:0; Truck hijacking:0,0.0271,-31.9048746,26.9528828
De Aar,Pixley ka Seme District,Northern Cape,22,Burglary at residential premises,18,Decreased,Robbery with aggravating circumstances:3; Burglary at residential premises:18; Theft of motor vehicle and motorcycle:1; Carjacking:0; Truck hijacking:0,0.0232,-30.6608767,24.0052
Cacadu,Chris Hani District,Eastern Cape,21,Burglary at residential premises,13,Increased,Robbery with aggravating circumstances:7; Burglary at residential premises:13; Theft of motor vehicle and motorcycle:1; Carjacking:0; Truck hijacking:0,0.0213,-31.7015918,27.2362161
Bainsvlei,Mangaung District,Free State,21,Burglary at residential premises,15,Decreased,Robbery with aggravating circumstances:1; Burglary at residential premises:15; Theft of motor vehicle and motorcycle:5; Carjacking:0; Truck hijacking:0,0.0213,-29.0659876,26.1282862
Tlokoeng,Joe Gqabi District,Eastern Cape,21,Burglary at residential premises,18,Decreased,Robbery with aggravating circumstances:2; Burglary at residential premises:18; Theft of motor vehicle and motorcycle:1; Carjacking:0; Truck hijacking:0,0.0213,-30.6903659,28.5100527
Nababeep,Namakwa District,Northern Cape,21,Burglary at residential premises,19,Increased,Robbery with aggravating circumstances:2; Burglary at residential premises:19; Theft of motor vehicle and motorcycle:0; Carjacking:0; Truck hijacking:0,0.0213,-29.5877254,17.7860716
Darling,West Coast District,Western Cape,21,Burglary at residential premises,19,Increased,Robbery with aggravating circumstances:1; Burglary at residential premises:19; Theft of motor vehicle and motorcycle:1; Carjacking:0; Truck hijacking:0,0.0213,-33.3761287,18.3818739
Madibogo,Ngaka Modiri Molema District,North West,20,Burglary at residential premises,16,Increased,Robbery with aggravating circumstances:4; Burglary at residential premises:16; Theft of motor vehicle and motorcycle:0; Carjacking:0; Truck hijacking:0,0.0193,-26.4221231,25.1507207
Allanridge,Lejweleputswa District,Free State,20,Burglary at residential premises,16,Increased,Robbery with aggravating circumstances:4; Burglary at residential premises:16; Theft of motor vehicle and motorcycle:0; Carjacking:0; Truck hijacking:0,0.0193,-27.7492346,26.648271
Boshof,Lejweleputswa District,Free State,19,Burglary at residential premises,17,Increased,Robbery with aggravating circumstances:1; Burglary at residential premises:17; Theft of motor vehicle and motorcycle:1; Carjacking:0; Truck hijacking:0,0.0174,-28.5403626,25.2396214
Lady Grey,Joe Gqabi District,Eastern Cape,19,Burglary at residential premises,18,Increased,Robbery with aggravating circumstances:1; Burglary at residential premises:18; Theft of motor vehicle and motorcycle:0; Carjacking:0; Truck hijacking:0,0.0174,-30.7118367,27.2093651
Brandfort,Lejweleputswa District,Free State,18,Burglary at residential premises,17,Decreased,Robbery with aggravating circumstances:1; Burglary at residential premises:17; Theft of motor vehicle and motorcycle:0; Carjacking:0; Truck hijacking:0,0.0155,-28.7029062,26.4589923
Hluhluwe,Umkhanyakude District,KwaZulu-Natal,18,Burglary at residential premises,11,Decreased,Robbery with aggravating circumstances:7; Burglary at residential premises:11; Theft of motor vehicle and motorcycle:0; Carjacking:0; Truck hijacking:0,0.0155,-28.020183,32.2692588
Nottingham Road,Umgungundlovu District,KwaZulu-Natal,17,Burglary at residential premises,14,Increased,Robbery with aggravating circumstances:2; Burglary at residential premises:14; Theft of motor vehicle and motorcycle:0; Carjacking:0; Truck hijacking:1,0.0135,-29.3515397,29.9909591
Utrecht,Amajuba District,KwaZulu-Natal,16,Burglary at residential premises,14,Increased,Robbery with aggravating circumstances:2; Burglary at residential premises:14; Theft of motor vehicle and motorcycle:0; Carjacking:0; Truck hijacking:0,0.0116,-27.6564798,30.3194402
Macleantown,Buffalo City District,Eastern Cape,15,Burglary at residential premises,14,Increased,Robbery with aggravating circumstances:1; Burglary at residential premises:14; Theft of motor vehicle and motorcycle:0; Carjacking:0; Truck hijacking:0,0.0097,-32.7867478,27.7447894
Hankey,Sarah Baartman District,Eastern Cape,14,Burglary at residential premises,10,Decreased,Robbery with aggravating circumstances:4; Burglary at residential premises:10; Theft of motor vehicle and motorcycle:0; Carjacking:0; Truck hijacking:0,0.0077,-33.8324022,24.8851875
Steytlerville,Sarah Baartman District,Eastern Cape,14,Burglary at residential premises,14,Increased,Robbery with aggravating circumstances:0; Burglary at residential premises:14; Theft of motor vehicle and motorcycle:0; Carjacking:0; Truck hijacking:0,0.0077,-33.3274506,24.341773
Kenhardt,ZF Mgcawu District,Northern Cape,13,Burglary at residential premises,13,Stabilized,Robbery with aggravating circumstances:0; Burglary at residential premises:13; Theft of motor vehicle and motorcycle:0; Carjacking:0; Truck hijacking:0,0.0058,-29.3466804,21.1517598
Wepener,Mangaung District,Free State,13,Burglary at residential premises,11,Increased,Robbery with aggravating circumstances:1; Burglary at residential premises:11; Theft of motor vehicle and motorcycle:1; Carjacking:0; Truck hijacking:0,0.0058,-29.7312021,27.0370316
Hlobane,Zululand District,KwaZulu-Natal,13,Burglary at residential premises,13,Stabilized,Robbery with aggravating circumstances:0; Burglary at residential premises:13; Theft of motor vehicle and motorcycle:0; Carjacking:0; Truck hijacking:0,0.0058,-27.7369544,31.009289
Bedford,Amathole District,Eastern Cape,13,Burglary at residential premises,13,Increased,Robbery with aggravating circumstances:0; Burglary at residential premises:13; Theft of motor vehicle and motorcycle:0; Carjacking:0; Truck hijacking:0,0.0058,-32.6835488,26.0825978
Ntabozuko,Buffalo City District,Eastern Cape,12,Burglary at residential premises,12,Stabilized,Robbery with aggravating circumstances:0; Burglary at residential premises:12; Theft of motor vehicle and motorcycle:0; Carjacking:0; Truck hijacking:0,0.0039,-32.8786767,27.5731168
Thornhill,Sarah Baartman District,Eastern Cape,12,Burglary at residential premises,11,Increased,Robbery with aggravating circumstances:1; Burglary at residential premises:11; Theft of motor vehicle and motorcycle:0; Carjacking:0; Truck hijacking:0,0.0039,-33.9021625,25.1409581
Clarens,Thabo Mofutsanyana District,Free State,11,Burglary at residential premises,10,Increased,Robbery with aggravating circumstances:0; Burglary at residential premises:10; Theft of motor vehicle and motorcycle:1; Carjacking:0; Truck hijacking:0,0.0019,-28.515223,28.4198041
Windsorton,Frances Baard District,Northern Cape,10,Burglary at residential premises,6,Decreased,Robbery with aggravating circumstances:4; Burglary at residential premises:6; Theft of motor vehicle and motorcycle:0; Carjacking:0; Truck hijacking:0,0.0,-28.3267449,24.7108352
Hlabisa,Umkhanyakude District,KwaZulu-Natal,10,Robbery with aggravating circumstances,4,Stabilized,Robbery with aggravating circumstances:4; Burglary at residential premises:4; Theft of motor vehicle and motorcycle:2; Carjacking:0; Truck hijacking:0,0.0,-28.1406094,31.857409
